;id;short;year
0;BVerfGE100_1;Rentenanwartschaften der DDR;1999
1;BVerfGE100_104;Rentenanwartschaften der DDR;1999
2;BVerfGE100_138;Rentenanwartschaften der DDR;1999
3;BVerfGE100_195;Einheitswert;1999
4;BVerfGE100_209;Völkerrechtliches Qualifikationsverfahren, Atomwaffenstationierung;1999
5;BVerfGE100_214;Gewerkschaftsausschluss;1999
6;BVerfGE100_226;Denkmalschutz;1999
7;BVerfGE100_249;Allgemeine Verwaltungsvorschriften;1999
8;BVerfGE100_263;Gegenläufige Kindesentführung;1999
9;BVerfGE100_266;Kosovo-Einsatz;1999
10;BVerfGE100_271;Lohnabstandsklausel;1999
11;BVerfGE100_289;Aktiengesellschaft;1999
12;BVerfGE100_313;Telekommunikationsüberwachung;1999
13;BVerfGE100_59;Rentenanwartschaften der DDR;1999
15;BVerfGE101_1;Hennenhaltungsverordnung;1999
16;BVerfGE101_106;Verwaltungsbehörde;1999
17;BVerfGE101_132;Heileurythmisten ;1999
18;BVerfGE101_141;Ausgleichsfonds;1999
19;BVerfGE101_151;Umsatzsteuerbefreiung (GmbH & Co KG);1999
20;BVerfGE101_158;Länderfinanzausgleich;1999
21;BVerfGE10_118;Behördliches Presseverbot;1959
22;BVerfGE101_239;Stichtagregelung im Vermögensgesetz;1999
24;BVerfGE101_275;Fahnenflucht;1999
26;BVerfGE101_297;Häusliches Arbeitszimmer;1999
27;BVerfGE101_312;Versäumnisurteil;1999
28;BVerfGE101_331;Vergütung für Berufsbetreuer;1999
30;BVerfGE10_136;Verbot der Rücklieferung deutscher Staatsangehöriger;1959
31;BVerfGE101_361;Caroline von Monaco II;1999
32;BVerfGE101_397;Nachlasspfleger;2000
34;BVerfGE101_46;Besorgnis der Befangenheit (Kirchhof);1999
35;BVerfGE101_54;Schuldrechtsanpassungsgesetz;1999
38;BVerfGE10_20;Preußischer Kulturbesitz;1959
39;BVerfGE10_200;Friedensrichter Baden-Württemberg;1959
40;BVerfGE102_1;Altlasten;2000
41;BVerfGE102_122;Selbstablehnung (Papier);2000
42;BVerfGE102_147;Europäische Bananenmarktordnung;2000
45;BVerfGE102_192;Besorgnis der Befangenheit (Jentsch);2000
46;BVerfGE102_197;Spielbankgesetz Baden-Württemberg;2000
48;BVerfGE102_224;Parlamentarische Funktionszulage Abgeordnetenentschädigung;2000
49;BVerfGE102_245;Abgeordnetenentschädigung;2000
50;BVerfGE102_254;Wiedergutmachung von Vermögensschäden;2000
51;BVerfGE102_26;Frischzellen;2000
53;BVerfGE10_234;Platow-Amnestie;1959
54;BVerfGE102_347;Schockwerbung;2000
55;BVerfGE102_370;Körperschaftsstatus der Zeugen Jehovas;2000
56;BVerfGE102_41;Beschädigtengrundrente;2000
60;BVerfGE10_264;Verwaltungsgerichtlicher Kostenvorschuss;1960
63;BVerfGE10_285;Bundesgerichte;1960
64;BVerfGE102_99;Landesabfallgesetz Nordrhein-Westfalen;2000
65;BVerfGE10_302;Aufenthaltsbestimmungsrecht des Vormunds;1960
66;BVerfGE103_1;Singularzulassung von Rechtsanwälten;2000
67;BVerfGE103_111;Wahlprüfung Hessen;2001
68;BVerfGE103_142;Wohnungsdurchsuchung, Gefahr im Verzug;2001
69;BVerfGE103_164;ÖDP;2001
70;BVerfGE103_172;Altersgrenze für Kassenärzte;2001
72;BVerfGE103_197;Pflegeversicherung III;2001
73;BVerfGE103_225;Pflegeversicherung II;2001
74;BVerfGE103_242;Pflegeversicherung III;2001
75;BVerfGE103_271;Pflegeversicherung IV;2001
76;BVerfGE103_293;Urlaubsanrechnung;2001
78;BVerfGE103_310;Beschäftigungszeiten öffentlicher Dienst (MfS/AfNS);2001
80;BVerfGE103_332;Landesnaturschutzgesetz Schleswig-Holstein;2001
81;BVerfGE103_392;Krankenversicherungsbeitrag für Selbständige, Mindestbemessungsgrenze;2001
83;BVerfGE103_41;NPD-Verbotsverfahren (Akteneinsicht);2001
84;BVerfGE103_44;Gerichtsfernsehen;2001
85;BVerfGE10_354;Bayerische Ärzteversorgung;1960
87;BVerfGE103_81;Ermittlungsverfahren gegen Bundestagsabgeordnete;2001
88;BVerfGE103_89;Unterhaltsverzichtsvertrag;2001
89;BVerfGE10_4;Redezeitbeschränkung;1959
90;BVerfGE104_1;Baulandumlegung;2001
91;BVerfGE104_126;Dienstbeschädigungsteilrenten;2001
92;BVerfGE104_14;Wahlkreiseinteilung Krefeld;2001
93;BVerfGE104_151;Strategiekonzept der NATO;2001
94;BVerfGE104_214;NPD-Verbotsverfahren (Aussetzungsantrag);2001
95;BVerfGE104_220;Abschiebungshaft, Rehabilitierung;2001
96;BVerfGE104_23;Altenpflegegesetz ;2001
97;BVerfGE104_238;Moratorium Gorleben ;2001
98;BVerfGE104_287;Parteienfinanzierung IX;2001
99;BVerfGE104_305;LER-Schlichtungsvorschlag;2001
100;BVerfGE104_310;Immunität eines Bundestagsabgeordneten;2001
101;BVerfGE104_337;Schächterlaubnis;2002
102;BVerfGE104_357;Apothekenöffnungszeiten;2002
103;BVerfGE104_357;Fachgerichtlicher Rechtsschutz I;2002
104;BVerfGE104_370;NPD-Verbotsverfahren (Terminaufhebung);2002
105;BVerfGE104_38;NPD-Verbotsverfahren (Hinterlegung von Daten und Unterlagen);2001
106;BVerfGE104_39;NPD-Verbotsverfahren (Hinterlegung von Daten und Unterlagen);2001
107;BVerfGE104_41;NPD-Verbotsverfahren (Hinterlegung von Daten und Unterlagen);2001
110;BVerfGE104_42_Altenpflege;Altenpflegegesetz;2001
111;BVerfGE104_42_NPD;NPD-Verbotsverfahren (Rückgabe einer EDV-Anlage);2001
112;BVerfGE104_51;Gleichgeschlechtliche Lebenspartnerschaft ;2001
113;BVerfGE104_63;NPD-Verbotsverfahren (Durchführungsanordnung);2001
114;BVerfGE104_65;Schuldnerspiegel im Internet;2001
115;BVerfGE104_74;Kalte Enteignung;2001
116;BVerfGE104_92;Blockadeaktion;2001
117;BVerfGE105_1;Nachehelicher Unterhalt, Familienarbeit;2002
118;BVerfGE105_135;Vermögensstrafe;2002
119;BVerfGE105_17;Sozialpfandbrief;2002
120;BVerfGE105_185;UMTS-Lizenz;2002
121;BVerfGE105_197;Parteispendenuntersuchungsausschuss;2002
122;BVerfGE105_235;LER Vergleichsvorschlag;2002
123;BVerfGE105_239;Abschiebungshaft;2002
124;BVerfGE105_252;Glykolwarnung;2002
125;BVerfGE105_279;Osho-Bewegung ;2002
126;BVerfGE105_313;Gleichgeschlechtliche Lebenspartnerschaft;2002
127;BVerfGE105_365;Beschlagnahme von Computerdateien;2002
128;BVerfGE105_48;Wachstums- und Beschäftigungsförderungsgesetz 1996;2002
129;BVerfGE10_55;Tierzuchtgesetz;1959
130;BVerfGE105_61;Wehrpflicht, Dienstflucht;2002
131;BVerfGE105_73;Rentenbesteuerung;2002
132;BVerfGE10_59;Stichentscheid, elterliche Gewalt;1959
133;BVerfGE106_1;Aufgabenübertragung Oberfinanzdirektion;2002
134;BVerfGE106_166;Zählkindervorteil;2002
135;BVerfGE106_181;Facharztbezeichnung;2002
136;BVerfGE106_201;LAG Zinszuschlag;2002
137;BVerfGE106_210;LER Verfahrenseinstellung;2002
138;BVerfGE106_216;Singularzulassung BGH;2002
139;BVerfGE106_225;Krankenhausversorgung für Beamte I;2002
140;BVerfGE106_244;Krankenhausversorgung für Beamte II;2002
141;BVerfGE106_253;Zählverfahren;2002
142;BVerfGE106_275;Arzneimittelfestbetrag;2002
143;BVerfGE106_28;Mithörvorrichtung;2002
144;BVerfGE106_310;Zuwanderungsgesetz;2002
145;BVerfGE106_351;Zahntechniker, Beitragssatzsicherungsgesetz;2003
146;BVerfGE106_359;Apothekenrabatt, Beitragssatzsicherungsgesetz;2003
147;BVerfGE106_369;Arzneimittelgroßhandel, Beitragssatzsicherungsgesetz;2003
148;BVerfGE106_51;Parlamentarisches Kontrollrecht;2002
149;BVerfGE106_62;Altenpflegegesetz;2002
150;BVerfGE107_1;Kommunale Verwaltungsgemeinschaften;2002
151;BVerfGE107_104;Anwesenheitsausschluss im JGG-Verfahren;2003
152;BVerfGE107_133;Rechtsanwaltsgebühren Ost;2003
153;BVerfGE107_150;Sorgerechtsregelung für Altfälle;2003
154;BVerfGE107_186;Impfstoffversand;2003
155;BVerfGE107_205;Familienversicherung;2003
156;BVerfGE107_218;Beamtenbesoldung Ost I;2003
157;BVerfGE107_257;Beamtenbesoldung Ost II;2003
158;BVerfGE107_27;Doppelte Haushaltsführung;2002
159;BVerfGE107_275;Schockwerbung ;2003
160;BVerfGE107_286;Kommunalwahl-Sperrklausel Schleswig-Holstein;2003
161;BVerfGE107_299;Handy-Überwachung;2003
162;BVerfGE107_339;NPD-Verbotsverfahren (Verfahrenseinstellung);2003
164;BVerfGE107_59;Lippeverband;2002
165;BVerfGE108_1;Rückmeldegebühr Baden-Württemberg;2003
166;BVerfGE108_122;Selbstablehnung (Jentsch);2003
167;BVerfGE108_129;Sachaufklärung im Auslieferungsverfahren;2003
168;BVerfGE108_150;Sozietätswechsel;2003
169;BVerfGE108_169;Telekommunikationslinien;2003
170;BVerfGE108_186;Altenpflegeausbildungsumlage;2003
172;BVerfGE108_251;Beschlagnahme in Abgeordnetenräumen;2003
173;BVerfGE108_279;Selbstablehnung (Papier);2003
174;BVerfGE108_282;Kopftuch, Lehrerin;2003
175;BVerfGE108_34;AWACS-Einsatz;2003
176;BVerfGE108_341;Fachgerichtlicher Rechtsschutz II;2003
177;BVerfGE108_351;Splittingvorteil bei Ehegattenunterhalt;2003
178;BVerfGE108_370;Exklusivlizenz für Postdienstleistung;2003
179;BVerfGE108_45;Arzneimittelrabatt, Beitragssatzsicherungsgesetz;2003
180;BVerfGE108_52;Barunterhaltsanspruch Kinderexistenzminimum IV;2003
181;BVerfGE108_82;Biologischer Vater;2003
182;BVerfGE10_89;Erftverband;1959
183;BVerfGE109_1;Antragsfristablauf im Bund-Länder-Streit;2003
185;BVerfGE109_13;Lockspitzel I;2003
187;BVerfGE109_133;Sicherungsverwahrung;2004
188;BVerfGE109_190;Nachträgliche Sicherungsverwahrung;2004
189;BVerfGE109_256;Familienname;2004
191;BVerfGE109_279;Großer Lauschangriff;2004
192;BVerfGE109_38;Lockspitzel II;2003
193;BVerfGE109_64;Mutterschaftsgeld;2003
194;BVerfGE109_96;Alterssicherung für Landwirte;2003
197;BVerfGE110_1;Erweiterter Verfall ;2004
198;BVerfGE110_141;Kampfhunde;2004
199;BVerfGE110_177;Hilfe zum Lebensunterhalt, Spätaussiedler;2004
200;BVerfGE110_199;Parlamentarisches Kontrollrecht, Informationspflicht der Regierung ;2004
201;BVerfGE110_226;Geldwäsche;2004
202;BVerfGE110_304;Notar im Nebenamt, Anwaltsnotariat;2004
203;BVerfGE110_33;Außenwirtschaftsgesetz Zollkriminalamt;2004
205;BVerfGE110_353;Dienstrechtsreform;2004
206;BVerfGE110_370;Klärschlamm-Entschädigungsfonds;2004
207;BVerfGE110_412;Teilkindergeld;2004
208;BVerfGE110_77;Fortsetzungsfeststellungsinteresse Versammlungsverbot;2004
211;BVerfGE110_94;Spekulationsteuer;2004
214;BVerfGE11_105;Familienlastenausgleich;1960
216;BVerfGE111_10;Ladenschluss;2004
217;BVerfGE111_115;Rentenanwartschaften, DDR-Sonderrente;2004
218;BVerfGE111_147;NPD-Kundgebung (Bochum);2004
219;BVerfGE111_160;Kindergeld für Ausländer;2004
220;BVerfGE111_176;Erziehungsgeld für Ausländer;2004
221;BVerfGE111_191;Notarkassensatzung;2004
222;BVerfGE111_226;Juniorprofessur;2004
223;BVerfGE11_126;Nachkonstitutioneller Betätigungswille;1960
224;BVerfGE111_289;Unterschriftenquorum Arbeitnehmervertreterwahl;2004
225;BVerfGE111_307;Görgülü-Beschluss, Umgangsrecht des Kindesvaters;2004
226;BVerfGE111_333;Brandenburgisches Hochschulgesetz ;2004
229;BVerfGE111_382;Drei-Länder-Quorum;2004
230;BVerfGE11_139;Kostenrechtsnovelle;1960
233;BVerfGE111_54;Parteienfinanzierung;2004
235;BVerfGE11_168;Bedürfnisprüfung im Personenbeförderungsrecht;1960
236;BVerfGE1_117;Finanzausgleichsgesetz;1952
237;BVerfGE11_192;Beurkundungswesen;1960
239;BVerfGE11_203;Beförderungsschnitt (Gesetz 131);1960
240;BVerfGE112_1;Alteigentümer Rückübertragungsanspruch;2004
241;BVerfGE112_118;Sitzverteilung im Vermittlungsausschuss;2004
242;BVerfGE112_164;Familienbesteuerung;2005
244;BVerfGE112_185;Zulässigkeitsanforderungen beim Revisionsgericht;2005
246;BVerfGE112_216;Gewerbesteuer;2005
247;BVerfGE112_226;Studiengebühren;2005
248;BVerfGE112_255;Anwaltsnotare;2005
249;BVerfGE112_268;Kinderbetreuungskosten;2005
250;BVerfGE112_284;Kontostammdaten Kontenabfrage;2005
252;BVerfGE112_304;GPS-Observation;2005
253;BVerfGE11_232;Korntal;1960
255;BVerfGE112_332;Pflichtteilsentziehung ;2005
256;BVerfGE11_234;Jugendgefährdende Schriften;1960
257;BVerfGE112_363;EU-Verfassung ;2005
258;BVerfGE112_368;Bestandsrenten;2005
261;BVerfGE11_245;Kriegsgefangenenentschädigung;1960
262;BVerfGE112_50;Opferentschädigungsgesetz;2004
265;BVerfGE11_266;Wählervereinigung;1960
268;BVerfGE11_282;Zweiter Vorsitzender der SRP;1960
271;BVerfGE112_90;Europäischer Haftbefehl, Auslieferungshaftbefehl;2004
272;BVerfGE112_93;Zwangsarbeiter Stiftung;2004
276;BVerfGE11_30;Kassenarzt-Urteil;1960
278;BVerfGE113_1;Kindererziehungszeiten ;2005
280;BVerfGE113_113;Visa-Untersuchungsausschuss;2005
281;BVerfGE113_128;Solidarfonds Abfallrückführung;2005
283;BVerfGE113_167;Risikostrukturausgleich;2005
284;BVerfGE113_273;Europäischer Haftbefehl, Auslieferungshaftbefehl;2005
286;BVerfGE113_29;Beschlagnahme von Datenträgern;2005
288;BVerfGE113_348;Telekommunikationsüberwachung;2005
292;BVerfGE11_351;Reserveliste Nordrhein-Westfalen;1960
293;BVerfGE113_63;Verfassungsschutzbericht Junge Freiheit;2005
295;BVerfGE113_88;Elternunterhalt;2005
296;BVerfGE1_14;Südweststaat;1951
297;BVerfGE114_1;Bestandsübertragung;2005
298;BVerfGE114_105;Bundestagsauflösung 2005;2005
299;BVerfGE114_107;Bundestagsauflösung 2005;2005
300;BVerfGE114_121;Bundestagsauflösung 2005;2005
301;BVerfGE114_196;Beitragssatzsicherungsgesetz Apothekenrabatt;2005
302;BVerfGE114_258;Private Altersvorsorge für Beamte;2005
303;BVerfGE114_303;Kostendämpfungspauschale;2005
305;BVerfGE114_339;Stasi-Streit, Stolpe-Beschluss;2005
306;BVerfGE114_357;Bleiberecht für Ausländerkinder;2005
307;BVerfGE114_371;Kabelgroschen, Bayerisches Teilnehmehrentgelt;2005
308;BVerfGE1_144;Geschäftsordnungsautonomie;1952
310;BVerfGE11_50;Darreichende Verwaltung;1960
311;BVerfGE115_1;Vornamensänderung, Transsexuellengesetz ;2005
312;BVerfGE115_118;Luftsicherheitsgesetz;2006
313;BVerfGE115_166;Telekommunikationsüberwachung;2006
314;BVerfGE115_205;Geschäfts- und Betriebsgeheimnis, in-camera-Verfahren;2006
315;BVerfGE115_25;Alternativmedizin, Nikolausbeschlus;2005
316;BVerfGE115_259;Mutterschutz, Anwartschaftszeit;2006
317;BVerfGE115_276;Sportwettenmonopol;2006
318;BVerfGE115_320;Rasterfahndung Schläfer;2006
319;BVerfGE115_381;Dauerpflegschaft;2006
321;BVerfGE115_81;Kulturpflanzenanbau;2006
322;BVerfGE115_97;Einkommen- und Gewerbesteuer;2006
323;BVerfGE11_6;Dampfkessel;1960
324;BVerfGE11_61;Friedensgerichte;1960
325;BVerfGE116_1;Insolvenzverwalter;2006
326;BVerfGE116_135;Vergaberecht;2006
327;BVerfGE116_164;Tarifbegrenzung für gewerbliche Einkünfte;2006
328;BVerfGE1_162;Arbeitsgerichtsgesetz;1952
329;BVerfGE116_202;Berliner Vergabegesetz, Lohndumping;2006
330;BVerfGE116_229;Asylbewerberleistungsgesetz;2006
331;BVerfGE116_24;Erschlichene Einbürgerung;2006
332;BVerfGE116_243;Vornamensänderung;2006
333;BVerfGE116_271;EU-Agrarsubventionen;2006
335;BVerfGE11_64;Hausratentschädigung;1960
336;BVerfGE116_69;Jugendstrafvollzug Postkontrolle;2006
337;BVerfGE1_167;Selbstverwaltungsrecht der Gemeinde;1952
338;BVerfGE116_96;Fremdrentengesetz;2006
339;BVerfGE117_1;Erbschaftsteuer;2006
340;BVerfGE117_126;Hufbeschlaggesetz;2006
341;BVerfGE117_141;Argentinien-Anleihen;2006
342;BVerfGE117_163;Erfolgshonorar für Anwälte ;2006
343;BVerfGE117_202;Heimlicher Vaterschaftstest ;2007
344;BVerfGE117_244;Pressefreiheit;2007
345;BVerfGE117_272;Rentenanwartschaft;2007
346;BVerfGE117_302;Verwaltungsakte DDR ;2007
347;BVerfGE117_316;Künstliche Befruchtung;2007
348;BVerfGE117_330;Ballungsraumzulage für Beamte;2007
349;BVerfGE117_357;Staatsnotstand Argentinien, Pfändung von Botschaftskonten ;2007
350;BVerfGE117_359;Tornado-Einsatz ISAF;2007
351;BVerfGE117_372;Beamtenpension Wartefrist;2007
352;BVerfGE11_77;Ermächtigungsadressaten;1960
353;BVerfGE117_71;Lebenslange Freiheitsstrafe, Strafrestaussetzung;2006
354;BVerfGE118_1;Rechtsanwaltsgebühren;2007
355;BVerfGE118_111;Tornado-Einsatz Afghanistan;2007
357;BVerfGE118_168;Kontenabfrage;2007
358;BVerfGE118_212;Strafzumessungsfehler;2007
359;BVerfGE118_244;Tornado-Einsatz Afghanistan;2007
360;BVerfGE118_277;Nebeneinkünfte von Abgeordneten;2007
361;BVerfGE1_184;Normenkontrolle I;1952
362;BVerfGE118_45;Betreuungsunterhalt;2007
363;BVerfGE118_79;Emissionshandel;2007
364;BVerfGE11_89;Bremisches Urlaubsgesetz;1960
365;BVerfGE119_1;Kunstfreiheit;2007
366;BVerfGE119_181;Rundfunkgebühren KEF;2007
367;BVerfGE119_247;Teilzeitbeamter Zwangsteilzeit;2007
369;BVerfGE119_309;Fernsehberichterstattung, Sitzungspolizei;2007
370;BVerfGE119_331;Hartz IV-Arbeitsgemeinschaft;2007
371;BVerfGE119_394;Reichsvermögen-Gesetz Berlin (West), Vermögensrückfall;2008
372;BVerfGE119_59;Hufbeschlaggesetz;2007
373;BVerfGE120_1;Gewerbesteuerfreiheit ;2008
374;BVerfGE120_125;Krankenversicherungsbeitrag als Sonderausgabe;2008
375;BVerfGE120_169;Vorsorgeaufwendungen;2008
376;BVerfGE120_180;Bildberichterstattung;2008
378;BVerfGE120_224;Inzestverbot;2008
379;BVerfGE120_274;Online-Durchsuchung;2008
380;BVerfGE120_351;Rasterfahndung;2008
381;BVerfGE120_378;Automatisierte Kennzeichenerfassung;2008
382;BVerfGE120_56;Gesetzesinitiativrecht Vermittlungsausschuss;2008
383;BVerfGE1_208;Sperrklausel;1952
384;BVerfGE120_82;Fünf-Prozent-Sperrklausel Schleswig-Holstein;2008
385;BVerfGE12_1;Tabak für Kirchenaustritt;1960
387;BVerfGE121_1;Vorratsdatenspeicherung, Telekommunikationsüberwachung;2008
389;BVerfGE121_108;Kommunale Wählervereinigung;2008
391;BVerfGE121_135;AWACS-Einsatz;2008
392;BVerfGE121_175;Transsexuellengesetz;2008
393;BVerfGE121_205;Führungsamt auf Zeit, Lebenszeitbeamter;2008
394;BVerfGE121_241;Teilzeitbeamter Versorgungsabschlag;2008
395;BVerfGE121_266;Überhangmandate, negatives Stimmengewicht;2008
396;BVerfGE121_30;Hessisches Privatrundfunkgesetz;2008
397;BVerfGE121_317;Nichtraucherschutzgesetz;2008
400;BVerfGE12_139;Briefwahl;1961
402;BVerfGE12_151;Ehegattenfreibetrag;1961
403;BVerfGE121_69;Elterliche Umgangspflicht;2008
406;BVerfGE12_205;Erstes Rundfunkurteil;1961
407;BVerfGE122_1;Agrarmarktbeihilfe;2008
408;BVerfGE122_120;Vorratsdatenspeicherung;2008
409;BVerfGE122_151;Pflichtbeitragszeit Frührentner;2008
410;BVerfGE122_190;Fachgerichtlicher Rechtsschutz;2008
411;BVerfGE122_210;Pendlerpauschale;2008
412;BVerfGE122_248;Rügeverkümmerung;2009
413;BVerfGE122_304;Zweitstimme, negatives Stimmengewicht;2009
414;BVerfGE122_316;CMA-Pflichtabgabe;2009
415;BVerfGE122_342;Bayerisches Versammlungsgesetz;2009
417;BVerfGE122_39;Außergerichtliche Rechtsberatung;2008
418;BVerfGE122_63;Vorratsdatenspeicherung, Telekommunikationsüberwachung;2008
421;BVerfGE12_281;Devisenbewirtschaftungsgesetz;1961
422;BVerfGE122_89;Kirchliches Selbstbestimmungsrecht;2008
423;BVerfGE12_296;Parteienprivileg;1961
424;BVerfGE12_308;Neugliederung Hessen, Streitbeitritt Rheinland-Pfalz;1961
425;BVerfGE123_1;Spielgerätesteuer Gewinnspielautomat;2009
427;BVerfGE123_111;Jubiläumsrückstellung;2009
428;BVerfGE123_132;Forstabsatzfonds;2009
429;BVerfGE123_148;Jüdische Gemeinde Brandenburg;2009
430;BVerfGE123_186;Gesundheitsreform 2007;2009
431;BVerfGE12_319;Pflichtaltersversorgung für Ärzte;1961
433;BVerfGE123_267;Lissabon-Urteil;2009
436;BVerfGE123_39;Wahlcomputer;2009
437;BVerfGE12_341;Spinnweber-Zusatzsteuer;1961
438;BVerfGE12_354;Volkswagenprivatisierung;1961
440;BVerfGE123_89;Vorratsdatenspeicherung;2009
442;BVerfGE124_1;Nachwahl Dresden;2009
443;BVerfGE124_161;Parlamentarisches Fragerecht;2009
444;BVerfGE124_199;Betriebsrente Hinterbliebenenversorgung;2009
445;BVerfGE124_235;BaFin-Umlage;2009
446;BVerfGE124_251;Besteuerung von Leibrenten;2009
448;BVerfGE124_267;Bundeswehreinsatz im Kosovo;2009
450;BVerfGE124_348;Wertpapierhandel Sonderabgabe (EAEG) ;2009
451;BVerfGE124_43;Beschlagnahme von E-Mails;2009
452;BVerfGE12_45;Wehrpflichtgesetz, Kriegsdienstverweigerung;1960
453;BVerfGE124_78;BND-Untersuchungsausschuss;2009
454;BVerfGE125_1;Körperschaftsteuerminderungspotential;2009
455;BVerfGE125_104;Personenbeförderung Ausgleichsbetrag;2009
456;BVerfGE125_141;Gewerbesteuer Mindesthebesatz;2010
457;BVerfGE125_175;Regelsatz Hartz IV-Gesetz;2010
458;BVerfGE125_260;Vorratsdatenspeicherung;2010
459;BVerfGE125_385;Griechenland-Finanzhilfe;2010
460;BVerfGE125_39;Sonntagsöffnung des Einzelhandels;2009
461;BVerfGE12_6;Societe Anonyme;1960
463;BVerfGE126_1;Lehrfreiheit für Fachhochschullehrer;2010
464;BVerfGE126_112;Privater Rettungsdienst;2010
465;BVerfGE126_158;Euro-Rettungsschirm, Griechenland-Finanzhilfe;2010
466;BVerfGE126_170;Untreue;2010
468;BVerfGE126_233;Rentenüberleitung;2010
469;BVerfGE126_268;Häusliches Arbeitszimmer;2010
470;BVerfGE126_286;Honeywell, Ultra-vires-Kontrolle;2010
471;BVerfGE126_29;Klinikprivatisierung;2010
472;BVerfGE126_331;Miterben-Entschädigungsfonds;2010
473;BVerfGE126_369;Fremdrentengesetz;2010
474;BVerfGE1_264;Bezirksschornsteinfeger;1952
475;BVerfGE126_400;Lebenspartnerschaft Erbschaft- und Schenkungsteuergesetz;2010
476;BVerfGE126_55;Bundeswehreinsatz Heiligendamm;2010
478;BVerfGE126_77;Luftsicherheitsgesetz;2010
479;BVerfGE127_1;Rückwirkung im Steuerrecht I;2010
480;BVerfGE127_132;Gemeinsames Sorgerecht;2010
481;BVerfGE127_165;Konjunkturpaket II;2010
482;BVerfGE127_224;Körperschaftssteuer;2010
483;BVerfGE127_263;Haftungsprivilegierung elterliches Aufsichtspflichtversagen;2010
484;BVerfGE127_293;Legehennenhaltung;2010
485;BVerfGE12_73;Inkompatibilität (Kommunalbeamter);1961
486;BVerfGE127_31;Rückwirkung im Steuerrecht III;2010
487;BVerfGE127_335;Mindestbesteuerung;2010
488;BVerfGE127_61;Rückwirkung im Steuerrecht II;2010
489;BVerfGE127_87;Hamburgisches Hochschulgesetz;2010
491;BVerfGE12_81;Richterbesoldung;1961
492;BVerfGE128_1;Gentechnikgesetz;2010
494;BVerfGE128_138;Rentenkürzung Invalidenrente;2011
495;BVerfGE128_157;Betriebsübergang Universitätsklinikum;2011
496;BVerfGE128_193;Geschiedenenunterhalt;2011
498;BVerfGE128_226;Fraport-Urteil;2011
499;BVerfGE128_278;Wahlvorschlag Bundespräsidentenwahl;2011
500;BVerfGE128_282;Maßregelvollzug, medizinische Zwangsbehandlung ;2011
501;BVerfGE1_283;Ladenschlussgesetz (Baden/Bremen);1952
502;BVerfGE128_322;Wahlprüfungsbeschwerde;2011
503;BVerfGE128_325;Luftsicherheitsgesetz;2011
504;BVerfGE128_326;Sicherungsverwahrung;2011
507;BVerfGE129_1;Investitionszulage;2011
508;BVerfGE129_108;Schuldenbremse Schleswig-Holstein;2011
509;BVerfGE129_124;Griechenlandhilfe Euro-Rettungsschirm (EFS);2011
510;BVerfGE129_186;Investitionszulagengesetz;2011
511;BVerfGE129_208;TKÜ-Neuregelung;2011
512;BVerfGE129_269;Maßregelvollzug, medizinische Zwangsbehandlung;2011
513;BVerfGE129_284;Beteiligungsrechte Bundestag (EFSF) ;2011
514;BVerfGE129_300;Fünf-Prozent-Sperrklausel EuWG;2011
515;BVerfGE129_356;Bahnimmobilien;2011
516;BVerfGE129_37;Nachträgliche Sicherungsverwahrung;2011
517;BVerfGE129_49;Mediziner-BAföG;2011
518;BVerfGE129_78;Designermöbel Urheberrecht;2011
519;BVerfGE1_299;Wohnungsbauförderung;1952
522;BVerfGE130_1;Al Qaida-Fall;2011
523;BVerfGE130_131;Hamburgisches Passivraucherschutzgesetz;2012
524;BVerfGE130_151;Datenspeicherung IP-Adressen;2012
525;BVerfGE130_212;Minderjährigenanteile in Wahlkreisen;2012
526;BVerfGE130_240;Bayerisches Landeserziehungsgeldgesetz;2012
527;BVerfGE130_263;W-Besoldung;2012
528;BVerfGE130_318;Stabilisierungsmechanismusgesetz (EFSF);2012
529;BVerfGE130_367;Wahlbeobachter;2012
530;BVerfGE130_372;Maßregelvollzugszeiten;2012
531;BVerfGE130_52;Beamtenbesoldung ;2012
532;BVerfGE130_76;Maßregelvollzug;2012
533;BVerfGE13_1;Friedenswahlen;1961
534;BVerfGE131_1;Erziehungsrente;2012
536;BVerfGE131_152;Euro-Plus-Pakt;2012
537;BVerfGE131_20;Ruhegehaltssatz ;2012
538;BVerfGE13_123;Fragestunde;1961
539;BVerfGE131_230;Richterwahlausschuss Bundesverfassungsrichterwahl;2012
540;BVerfGE131_239;Lebenspartnerschaft Familienzuschlag;2012
541;BVerfGE131_268;Vorbehaltene Sicherungsverwahrung;2012
544;BVerfGE131_316;Negatives Stimmengewicht, Überhangmandate;2012
545;BVerfGE13_132;Bayerische Feiertage;1961
549;BVerfGE131_66;Rentenanwartschaft;2012
553;BVerfGE13_181;Schankerlaubnissteuer;1961
554;BVerfGE131_88;Dienstbeschädigungsausgleich;2012
555;BVerfGE13_204;Sendezeit;1961
558;BVerfGE132_1;Luftsicherheitsgesetz;2012
559;BVerfGE132_134;Asylbewerberleistungsgesetz;2012
561;BVerfGE132_179;Lebenspartnerschaft Grunderwerbsteuer;2012
562;BVerfGE132_195;ESM Fiskalpakt;2012
564;BVerfGE13_225;Ladenschluss für Bahnhofsapotheke;1961
565;BVerfGE132_287;ESM Fiskalpakt;2012
566;BVerfGE132_294;Kostenfestsetzung ;2012
567;BVerfGE13_230;Ladenschlussgesetz I;1961
568;BVerfGE132_302;Streubesitzbeteiligung;2012
569;BVerfGE132_334;Rückmeldegebühr;2012
570;BVerfGE132_360;Elterngeld für Ausländer;2012
571;BVerfGE13_237;Ladenschlussgesetz II;1961
573;BVerfGE132_39;Wahlberechtigung Auslandsdeutsche;2012
574;BVerfGE13_243;Wahlgebietsgröße;1961
576;BVerfGE13_261;Rückwirkende Steuergesetzgebung;1961
577;BVerfGE132_72;Elterngeld für Ausländer;2012
582;BVerfGE13_290;Ehegatten-Arbeitsverhältnis I;1962
583;BVerfGE132_99;Delisting;2012
584;BVerfGE13_31;Diplomatische Klausel;1961
585;BVerfGE133_1;Kartellgeldbuße;2012
586;BVerfGE133_100;Verfassungskonformität NPD;2013
587;BVerfGE133_112;Medizinische Zwangsbehandlung;2013
590;BVerfGE133_168;Deal im Strafprozess;2013
591;BVerfGE13_318;Ehegatten-Arbeitsverhältnis II;1962
593;BVerfGE133_241;Luftsicherheitsgesetz;2013
595;BVerfGE133_277;Antiterrordatei;2013
596;BVerfGE13_331;Personenbezogene Kapitalgesellschaft;1962
597;BVerfGE133_34;Wahlwerbung FDP;2013
599;BVerfGE133_377;Lebenspartnerschaft Ehegattensplitting;2013
600;BVerfGE133_40;Nachträgliche Sicherungsverwahrung;2013
602;BVerfGE133_59;Sukzessivadoption;2013
603;BVerfGE13_367;Zulässigkeit von Blankettstrafgesetzen;1962
605;BVerfGE134_1;Studiengebühr;2013
606;BVerfGE134_106;Anhörungsrügeverfahren ;2013
609;BVerfGE134_135;Wahlprüfungsbeschwerde;2013
610;BVerfGE134_138;Äußerungsbefugnis des Bundespräsidenten;2013
611;BVerfGE134_141;Abgeordnetenüberwachung;2013
612;BVerfGE134_202;Äußerungsbefugnis des Bundespräsidenten;2013
613;BVerfGE134_204;Urheberrechtliche Vergütungsvereinbarung;2013
614;BVerfGE134_242;Garzweiler Braunkohletagebau;2013
616;BVerfGE134_33;Therapieunterbringungsgesetz;2013
618;BVerfGE134_366;OMT-Beschluss;2014
619;BVerfGE13_46;Entschädigungsausschluss Parteiverbot;1961
621;BVerfGE1_351;Petersburger Abkommen;1952
622;BVerfGE135_1;Kapitalanlagegesellschaft;2013
623;BVerfGE135_126;Zweitwohnungsteuertarif;2014
624;BVerfGE135_155;Filmabgabe;2014
625;BVerfGE135_234;NPD-Verbotsverfahren, Abschlagszahlung;2014
627;BVerfGE135_248;Selbstablehnung (Kirchhof);2014
628;BVerfGE135_259;Drei-Prozent-Sperrklausel Europawahlgesetz;2014
630;BVerfGE135_317;ESM Fiskalpakt;2014
631;BVerfGE13_54;Neugliederung Hessen;1961
632;BVerfGE135_48;Vaterschaftsanfechtung;2013
633;BVerfGE135_90;Anwalts-GmbH;2014
635;BVerfGE136_127;Mantelkauf;2014
639;BVerfGE136_323;Äußerungsbefugnis des Bundespräsidenten;2014
640;BVerfGE136_338;Hochschulorganisation ;2014
642;BVerfGE136_69;Gigaliner;2014
644;BVerfGE137_1;Straßenausbaubeiträge;2014
646;BVerfGE137_108;Optionskommune;2014
647;BVerfGE137_185;Informationsanspruch Bundestag Kriegswaffenexportkontrolle;2014
648;BVerfGE1_372;Deutsch-Französisches Wirtschaftsabkommen;1952
649;BVerfGE137_273;Kirchliches Arbeitsverhältnis ;2014
651;BVerfGE137_34;Existenzminimum;2014
653;BVerfGE137_350;Luftverkehrsteuer;2014
654;BVerfGE138_1;Schulnetzplanung;2014
656;BVerfGE138_136;Erbschaftsteuer;2014
658;BVerfGE138_261;Thüringer Ladenöffnungsgesetz;2015
659;BVerfGE138_296;Kopftuchverbot;2015
661;BVerfGE138_377;Auskunftsanspruch des Scheinvaters;2015
662;BVerfGE138_397;NPD-Verbotsverfahren, Quellenabschaltung;2015
663;BVerfGE138_45;NSA-Untersuchungsausschuss;2014
664;BVerfGE138_64;Planungsschadensrecht;2014
666;BVerfGE139_148;Hochschulfusion;2015
667;BVerfGE139_19;Einstellungshöchstaltersgrenze öffentlicher Dienst;2015
668;BVerfGE139_194;Parlamentarisches Informationsrecht ;2015
674;BVerfGE1_396;Deutschlandvertrag;1952
675;BVerfGE139_64;Richterbesoldung, R-Besoldung;2015
676;BVerfGE13_97;Befähigungsnachweis für Handwerker;1961
677;BVerfGE1_4;Urteilsverfassungsbeschwerde;1951
679;BVerfGE140_115;Spiegelbildichkeit von Ausschüssen;2015
680;BVerfGE140_160;Bundeswehreinsatz in Libyen;2015
684;BVerfGE140_240;Beamtenbesoldung, A-Besoldung;2015
685;BVerfGE140_316;NPD-Verbotsverfahren, Durchführung der Verhandlung;2015
686;BVerfGE140_42;Dritter Weg im kirchlichen Arbeitsrecht;2015
687;BVerfGE140_65;Betreuungsgeld;2015
688;BVerfGE140_99;Zensus 2011;2015
690;BVerfGE14_105;Branntweinmonopol;1962
692;BVerfGE141_1;Treaty Override-Beschluss;2015
693;BVerfGE141_121;Bestellung zum Insolvenzverwalter;2016
694;BVerfGE141_143;Akkreditierung von Studiengängen;2016
697;BVerfGE14_121;Wahlsendezeit;1962
698;BVerfGE141_220;BKA-Gesetz;2016
704;BVerfGE14_154;Wahlprüfung;1962
705;BVerfGE14_156;Assessorenstrafkammern;1962
706;BVerfGE141_56;Bundesbesoldungsgesetz, Topfwirtschaft;2015
707;BVerfGE14_174;Gesetzesvorbehalt im Strafrecht;1962
708;BVerfGE1_418;Ahndungsgesetz (Hessen);1952
714;BVerfGE14_197;Kreditwesen;1962
715;BVerfGE142_1;NPD-Verbotsverfahren, Besetzungsrüge, Richterablehnung;2016
716;BVerfGE142_116;Vollstreckungsanordnung, § 35 BVerfGG;2016
717;BVerfGE142_123;OMT-Beschluss;2016
718;BVerfGE142_18;NPD-Verbotsverfahren, Richterablehnung;2016
719;BVerfGE14_221;Fremdrentengesetz;1962
721;BVerfGE142_25;Minderheiten- und Oppositionsrechte;2016
726;BVerfGE14_245;Blankettstrafgesetz;1962
728;BVerfGE142_5;NPD-Verbotsverfahren, Besetzungsrüge;2016
731;BVerfGE14_263;Feldmühle-Urteil;1962
733;BVerfGE14_288;Selbstversicherung im Rentenrecht;1962
734;BVerfGE142_9;NPD-Verbotsverfahren, Richterablehnung;2016
746;BVerfGE143_246;Atomausstieg;2016
750;BVerfGE143_65;CETA;2016
751;BVerfGE144_1;CETA, Antrag auf Erlass einer einstweiligen Anordnung;2016
752;BVerfGE144_18;Außervollzugsetzung des § 19 Zensusgesetz 2011, Wiederholung der einstweiligen Anordnung;2016
754;BVerfGE144_20;Parteiverbotsverfahren (NPD);2017
755;BVerfGE144_369;Verfassungswidrigkeit der Höhe der Rückmeldungsgebühr nach § 30 Abs. 1 a Satz 1 Brandenburgisches Hochschulgesetz a. F. ;2017
756;BVerfGE145_1;Unvereinbarkeit einer Wartefrist hinsichtlich der Besoldung bei Übertragung eines höheren Statusamts mit Art. 33 Abs. 5 GG;2017
759;BVerfGE145_20;Vereinbarkeit landesrechtlicher Regelungen von Spielhallen mit dem Grundgesetz ;2017
762;BVerfGE145_346;Zensusgesetz 2011: Wiederholung der einstweiligen Anordnung;2017
766;BVerfGE14_56;Gemeindegerichtsbarkeit;1962
767;BVerfGE14_76;Gewinnspielautomat;1962
769;BVerfGE1_5;Spruchkammer;1951
770;BVerfGE15_1;Seewasserstraßen;1962
773;BVerfGE15_126;Staatsbankrott;1962
775;BVerfGE15_165;Briefwahl;1962
776;BVerfGE15_167;Ruhegehalt nach Entnazifizierung;1962
780;BVerfGE15_223;Zeugnisverweigerungsrecht;1962
781;BVerfGE15_226;Vorkonstitutionelles Gewohnheitsrecht;1962
782;BVerfGE15_235;Pflichtmitgliedschaft in der IHK;1962
784;BVerfGE15_249;Auslieferungsverkehr mit der Türkei;1963
785;BVerfGE15_25;Jugoslawische Militärmission;1962
786;BVerfGE15_256;Universitäre Selbstverwaltung;1963
787;BVerfGE15_268;Tierzuchtgesetz;1963
789;BVerfGE15_275;Nachprüfung eines Verwaltungsaktes;1963
797;BVerfGE15_337;Höfeordnung, Erbrecht;1963
803;BVerfGE16_119;Benachrichtigungspflicht bei Verhaftung;1963
806;BVerfGE16_130;Wahlkreiseinteilung;1963
808;BVerfGE16_147;Werkfernverkehr;1963
810;BVerfGE16_194;Liquorentnahme;1963
813;BVerfGE16_214;Rechtsanwaltsausschluss;1963
824;BVerfGE16_27;Staatenimmunität;1963
835;BVerfGE16_6;Verkündungszeitpunkt des Gesetzblattes;1963
836;BVerfGE16_64;Einwohnersteuer;1963
841;BVerfGE16_94;Versorgungsanspruch eines Berufssoldaten;1963
843;BVerfGE1_70;Grundrechtsgeltung in West-Berlin;1951
844;BVerfGE17_1;Waisenrente;1963
845;BVerfGE17_108;Hirnkammerluftfüllung;1963
847;BVerfGE17_122;Wiedergutmachung im öffentlichen Dienst;1963
853;BVerfGE17_172;Beamtenübernahme Freiburger Polizei;1963
860;BVerfGE17_210;Wohnungsbauprämie;1964
861;BVerfGE17_224;Vertriebenenbegriff;1964
862;BVerfGE17_232;Apotheken-Mehrbetrieb;1964
867;BVerfGE17_280;Unterhaltsanspruch nichtehelicher Kinder;1964
869;BVerfGE17_294;Gesetzlicher Richter, Geschäftsverteilungsplan;1964
870;BVerfGE17_302;Eheverfehlung durch Religionswechsel;1964
871;BVerfGE17_306;Mitfahrzentrale;1964
872;BVerfGE17_319;Bayerische Bereitschaftspolizei;1964
873;BVerfGE17_337;Vordienstzeiten;1964
876;BVerfGE17_371;Notarstellenbegrenzung;1964
877;BVerfGE17_38;Witwerrente;1963
878;BVerfGE17_381;Bundesnotarordnung;1964
880;BVerfGE1_76;Steuerverwaltung;1951
887;BVerfGE18_112;Auslieferung bei drohender Todesstrafe;1964
888;BVerfGE18_121;Fiskusprivileg;1964
897;BVerfGE18_172;Inkompatibilität (Oberstadtdirektor);1964
898;BVerfGE18_18;Hausgehilfinnenverband, Streikbereitschaft;1964
905;BVerfGE18_224;Pensionszusage Gesellschafter-Geschäftsführer;1964
906;BVerfGE18_241;Berufsgerichtsbarkeit, Ärztekammern;1964
907;BVerfGE18_257;Sozialversicherung;1964
909;BVerfGE18_288;Wiedergutmachung;1965
913;BVerfGE18_315;Marktordnung;1965
916;BVerfGE18_353;Devisenbewirtschaftungsgesetz;1965
921;BVerfGE18_385;Teilung einer Kirchengemeinde;1965
923;BVerfGE18_392;Beurkundungsbefugnis;1965
928;BVerfGE18_429;Verschollenheitsrente;1965
933;BVerfGE18_52;Verkehrsfinanzgesetz;1964
936;BVerfGE18_70;Verlorener Baukostenzuschuss;1964
938;BVerfGE18_85;Verfassungsgerichtlicher Prüfungsumfang, spezifisches Verfassungsrecht;1964
940;BVerfGE18_97;Zusammenveranlagung;1964
943;BVerfGE19_1;Gebührenfreiheit für Religionsgesellschaften;1965
944;BVerfGE19_119;Couponsteuer;1965
945;BVerfGE19_129;Umsatzsteuer für Religionsgesellschaften;1965
946;BVerfGE19_135;Ersatzdienstverweigerer;1965
951;BVerfGE19_150;Allgemeines Kriegsfolgengesetz;1965
958;BVerfGE19_206;Kirchenbausteuer;1965
959;BVerfGE19_226;Kirchenlohnsteuer I;1965
962;BVerfGE19_253;Kirchensteuergesetz;1965
963;BVerfGE19_268;Kirchenlohnsteuer II;1965
966;BVerfGE19_303;Streikbereitschaft;1965
969;BVerfGE19_330;Sachkundenachweis im Einzelhandel;1965
970;BVerfGE19_342;Untersuchungshaft;1965
974;BVerfGE19_38;S-Urteil des BFH;1965
977;BVerfGE19_52;Überbesetzung;1965
979;BVerfGE1_97;Hinterbliebenenrente;1951
983;BVerfGE19_88;Unanfechtbarkeit des Nichtannahmebeschlusses;1965
988;BVerfGE20_144;Untersuchungshaft;1966
989;BVerfGE20_150;Gesetzlicher Erlaubnisvorbehalt;1966
990;BVerfGE20_162;Spiegel-Urteil;1966
991;BVerfGE20_18;Beitritt im Organstreitverfahren;1966
993;BVerfGE20_238;VwGO-Ausführungsgesetz;1966
994;BVerfGE20_257;Bundesrecht in Berlin;1966
995;BVerfGE20_26;Selbstablehnung;1966
1001;BVerfGE20_31;Ehemäklerlohn;1966
1002;BVerfGE20_312;Tariffähigkeit von Handwerksinnungen;1966
1003;BVerfGE20_323;nulla poena sine culpa;1966
1008;BVerfGE20_351;Tollwut;1966
1014;BVerfGE20_45;Kommando 1005;1966
1016;BVerfGE20_56;Parteienfinanzierung II;1966
1018;BVerfGE2_1;SRP-Urteil;1952
1022;BVerfGE21_1;Einkommensteuer;1966
1025;BVerfGE21_117;Kommunales Baudarlehen;1967
1028;BVerfGE21_139;Freiwillige Gerichtsbarkeit;1967
1031;BVerfGE21_150;Weinwirtschaftsgesetz, Anbaubeschränkung;1967
1032;BVerfGE21_160;Zweigstellensteuer;1967
1034;BVerfGE2_118;Sicherungsverwahrung;1953
1039;BVerfGE21_200;Briefwahl;1967
1040;BVerfGE21_207;Flächentransistor;1967
1041;BVerfGE21_209;Kreditgewinnabgabe;1967
1047;BVerfGE2_124;vorkonstitutionelles Recht, Normenkontrolle II;1953
1048;BVerfGE21_245;Führungskräfte der Wirtschaft;1967
1049;BVerfGE21_261;Arbeitsvermittlungsmonopol;1967
1050;BVerfGE21_271;Südkurier;1967
1051;BVerfGE21_292;Rabattgesetz;1967
1053;BVerfGE21_312;Bundeswasserstraßen, Wasser- und Schifffahrtsverwaltung;1967
1054;BVerfGE21_329;Hinterbliebenenversorgung;1967
1061;BVerfGE21_362;Sozialversicherungsträger;1967
1062;BVerfGE21_378;Wehrdisziplin, Doppelbestrafungsverbot;1967
1065;BVerfGE2_143;EVG-Vertrag;1953
1068;BVerfGE21_52;Deutsche Friedensunion;1966
1069;BVerfGE21_54;Lohnsummensteuer;1966
1072;BVerfGE21_73;Grundstückverkehrsgesetz;1967
1073;BVerfGE2_181;Besatzungsanordnung;1953
1075;BVerfGE21_92;Landwirtschaftlicher Grundstücksverkehr;1967
1080;BVerfGE22_106;Einspruchsverfahren, Steuerausschuss;1967
1081;BVerfGE22_114;Entziehung der Verteidigungsbefugnis;1967
1083;BVerfGE2_213;Straffreiheitsgesetz;1953
1084;BVerfGE22_134;EWG-Recht;1967
1087;BVerfGE22_175;Normenkontrolle;1967
1089;BVerfGE22_180;Jugendhilfe;1967
1090;BVerfGE22_21;Verkehrsunterricht;1967
1091;BVerfGE22_221;Schulfinanzwesen;1967
1092;BVerfGE22_241;Zweites Rentenanpassungsgesetz;1967
1093;BVerfGE2_225;Petitionsbescheid;1953
1094;BVerfGE22_254;Strafverfahrenskosten;1967
1095;BVerfGE22_267;Landesgrundrechte, Grundrechtsidentität;1967
1101;BVerfGE22_293;EWG-Verordnung;1967
1102;BVerfGE22_299;Verwaltungsgerichtliche Kostenfestsetzung;1967
1104;BVerfGE2_232;Lohnzahlung an Feiertagen;1953
1105;BVerfGE22_322;Strafverfügungsfall;1967
1107;BVerfGE22_349;Aussetzung des Verfahrens;1967
1109;BVerfGE2_237;Hypothekensicherungsgesetz;1953
1111;BVerfGE22_380;Dienstleistungspflichten von Kreditinstituten;1967
1115;BVerfGE22_49;Strafgewalt der Finanzämter;1967
1116;BVerfGE2_266;Notaufnahmegesetz;1953
1121;BVerfGE22_93;Unterhaltsverpflichtung;1967
1124;BVerfGE2_307;Änderung von Gerichtsbezirken;1953
1126;BVerfGE23_113;Blankettstrafrecht;1968
1128;BVerfGE23_127;Zeugen Jehovas;1968
1131;BVerfGE23_153;Schatzanweisung;1968
1132;BVerfGE23_191;Dienstfluchtfall;1968
1141;BVerfGE23_288;Kriegsfolgelasten;1968
1145;BVerfGE23_353;Kreisumlage;1968
1146;BVerfGE2_336;Armenanwalt;1953
1149;BVerfGE2_347;Kehler Hafen;1953
1150;BVerfGE23_50;Nachtbackverbot;1968
1151;BVerfGE23_62;Erfindervergütung;1968
1153;BVerfGE2_380;Haftentschädigungsrecht;1953
1155;BVerfGE23_98;Ausbürgerung, Staatsangehörigkeitsentzug;1968
1160;BVerfGE24_119;Elterliche Einwilligungserklärung zur Adoption;1968
1161;BVerfGE24_155;Gemeinsame Amtsgerichte;1968
1163;BVerfGE24_174;Gesellschaftsteuer;1968
1164;BVerfGE24_184;Apostillenverfahren, Zustimmungsgesetz;1968
1167;BVerfGE24_220;Angestelltenversicherung;1968
1171;BVerfGE24_260;Politische Partei;1968
1174;BVerfGE24_278;GEMA;1968
1175;BVerfGE24_289;Hessisches Schulgebet;1968
1177;BVerfGE24_300;Wahlkampfkostenpauschale;1968
1178;BVerfGE24_33;Deutsch-Niederländischer Finanzvertrag;1968
1179;BVerfGE24_367;Hamburger Deichordnungsgesetz;1968
1184;BVerfGE25_1;Mühlengesetz;1968
1186;BVerfGE25_112;Niedersächsisches Deichordnungsgesetz;1969
1190;BVerfGE25_142;Beamtenwitwe;1969
1195;BVerfGE25_167;Gleichstellung nichtehelicher Kinder;1969
1200;BVerfGE25_236;Dentist;1969
1202;BVerfGE25_256;Blinkfüer;1969
1203;BVerfGE25_269;Verfolgungsverjährung;1969
1206;BVerfGE25_296;Zeugnisverweigerungsrecht der Presse;1969
1207;BVerfGE25_308;Bundeshaushaltsplan;1969
1213;BVerfGE25_352;Gnadengesuch;1969
1217;BVerfGE25_44;Durchsetzung Parteiverbot KPD;1969
1219;BVerfGE25_69;Verfassungsfeindliche Äußerung;1969
1221;BVerfGE25_88;Berufsverbot;1969
1224;BVerfGE26_116;Besoldung der Finanzrichter;1969
1226;BVerfGE26_141;Richterbesoldung;1969
1230;BVerfGE26_186;Ehrengerichtshöfe für Rechtsanwälte;1969
1233;BVerfGE26_228;Schulzweckverbandsausschluss;1969
1234;BVerfGE26_246;Ingenieurgesetz;1969
1235;BVerfGE26_259;Sonntagsfahrverbot für LKW;1969
1236;BVerfGE26_265;Heimkosten, Unterhaltspflicht;1969
1237;BVerfGE26_281;Gebührenpflicht von Bundesbahn und Bundespost;1969
1241;BVerfGE26_327;Bilanzbündeltheorie;1969
1242;BVerfGE26_338;Eisenbahnkreuzungsgesetz;1969
1244;BVerfGE26_41;Grober Unfug;1969
1249;BVerfGE27_1;Mikrozensus;1969
1255;BVerfGE27_152;Rückforderung der Wahlkampfkostenpauschale;1969
1258;BVerfGE27_175;Isoliertes Vorverfahren, Verfahrenskosten;1969
1259;BVerfGE27_18;Ordnungswidrigkeitenrecht;1969
1261;BVerfGE27_195;Privatschulen;1969
1262;BVerfGE27_211;Uranvorkommen;1969
1267;BVerfGE27_253;Besatzungsschäden;1969
1269;BVerfGE27_297;Zweitbescheid;1969
1272;BVerfGE27_344;Ehescheidungsakten;1970
1273;BVerfGE27_355;Ärztliches Berufsgericht;1970
1278;BVerfGE27_44;Parlamentarisches Regierungssystem;1969
1281;BVerfGE27_71;Überwachungsgesetz;1969
1282;BVerfGE27_88;Überwachungsgesetz;1969
1283;BVerfGE2_79;Europäische Verteidigungsgemeinschaft;1952
1284;BVerfGE28_1;Augstein (Widerruf);1970
1287;BVerfGE28_119;Spielbank;1970
1288;BVerfGE28_151;Wohnungsbaugenossenschaft Ostland;1970
1290;BVerfGE28_17;Substantiierungspflicht;1970
1294;BVerfGE28_21;Robenstreit;1970
1295;BVerfGE28_214;Landtagswahlgesetz Wahlprüfungsverfahren;1970
1296;BVerfGE28_220;Abstimmungsberechtigung;1970
1298;BVerfGE28_243;Kriegsdienstverweigerung;1970
1300;BVerfGE28_282;Kriegsdienstgegner;1970
1301;BVerfGE28_295;Mitgliederwerbung im Betrieb;1970
1304;BVerfGE28_324;Heiratsklausel;1970
1305;BVerfGE28_36;Zitiergebot;1970
1308;BVerfGE28_386;Kurzzeitige Freiheitsstrafe;1970
1309;BVerfGE28_51;Flugblätter;1970
1310;BVerfGE28_55;Leserbrief;1970
1311;BVerfGE28_66;Fernsprechgebühr;1970
1313;BVerfGE28_97;Wahlkampfkostenpauschale;1970
1316;BVerfGE29_11;Landesbauordnung Baden-Württemberg;1970
1321;BVerfGE29_166;Ferntrauung;1970
1325;BVerfGE29_183;Rücklieferung eines Deutschen;1970
1327;BVerfGE29_198;Abschöpfung EWG-Marktordnung;1970
1331;BVerfGE29_221;Jahresarbeitsverdienstgrenze;1970
1346;BVerfGE29_348;Deutsch-Niederländischer Finanzvertrag;1970
1355;BVerfGE29_83;Steinkohleanpassungsgesetz;1970
1356;BVerfGE30_1;Abhörurteil;1970
1358;BVerfGE30_108;Widerruf eines Gnadenerweises;1971
1359;BVerfGE30_112;Unterricht in Biblischer Geschichte;1971
1361;BVerfGE30_129;Kapitalwert der Erbbauzinsen;1971
1365;BVerfGE30_173;Mephisto;1971
1366;BVerfGE30_227;Vereinsname;1971
1367;BVerfGE30_250;Absicherungsgesetz;1971
1369;BVerfGE30_292;Erdölbevorratung;1971
1370;BVerfGE30_336;Jugendgefährdende Schriften;1971
1372;BVerfGE30_367;Bundesentschädigungsgesetz;1971
1373;BVerfGE30_392;Berlinhilfegesetz;1971
1376;BVerfGE30_415;Kirchensteuerpflicht;1971
1377;BVerfGE30_47;§ 26 BSHG;1970
1382;BVerfGE31_1;Wartezeit, Sozialversicherung;1971
1384;BVerfGE31_113;Jugendgefährdende Schriften;1971
1388;BVerfGE31_145;Milchpulver;1971
1389;BVerfGE31_181;Schöffenwahl;1971
1391;BVerfGE31_194;Sorgerechtsregelung;1971
1392;BVerfGE3_12;Bundesbankgesetz;1953
1395;BVerfGE31_229;Schulbuchprivileg;1971
1396;BVerfGE31_248;Bibliotheksgroschen;1971
1397;BVerfGE31_255;Tonbandvervielfältigung;1971
1398;BVerfGE31_270;Schulfunksendung;1971
1399;BVerfGE31_275;Bearbeiter-Urheberrechte (Schallplatten);1971
1404;BVerfGE31_314;Zweites Rundfunkurteil;1971
1407;BVerfGE31_364;Bebauungsplan;1971
1414;BVerfGE31_58;Spanier-Entscheidung;1971
1415;BVerfGE3_162;Angestelltenverhältnisse;1953
1416;BVerfGE31_8;Glücksspielautomat;1971
1417;BVerfGE3_187;Unterbringungsanspruch;1953
1419;BVerfGE3_19;Unterschriftenquorum (GVP);1953
1422;BVerfGE32_1;Apothekeranwärter;1971
1424;BVerfGE3_213;Entlassung Nationalsozialist;1953
1425;BVerfGE32_145;Beförderungssteuer;1971
1426;BVerfGE32_157;Stichtagregelung;1971
1429;BVerfGE32_199;Richterbesoldung III;1971
1431;BVerfGE3_225;Gleichberechtigung;1953
1434;BVerfGE32_273;Mutterschutz;1972
1437;BVerfGE32_296;Kranzgeld;1972
1439;BVerfGE32_311;Steinmetz-Wettbewerb;1972
1440;BVerfGE32_319;Außenwerbung;1972
1441;BVerfGE32_333;Ergänzungsabgabe;1972
1443;BVerfGE32_346;Strafbestimmungen in Gemeindesatzungen;1972
1444;BVerfGE32_365;Sterbevierteljahr;1972
1445;BVerfGE32_373;Ärztliche Schweigepflicht;1972
1448;BVerfGE3_248;Mehrfachbestrafung (ne bis in idem);1953
1449;BVerfGE32_54;Betriebsbetretungsrecht;1971
1455;BVerfGE3_288;Dienstverhältnis von Berufssoldaten;1954
1456;BVerfGE32_98;Gesundbeter;1971
1457;BVerfGE33_1;Strafvollzug;1972
1460;BVerfGE33_125;Facharztbeschluss;1972
1461;BVerfGE33_171;Honorarverteilung;1972
1466;BVerfGE33_206;Waffengesetz;1972
1467;BVerfGE33_224;Bauordnungswidrigkeit;1972
1468;BVerfGE33_23;Eidesverweigerung aus Glaubensgründen;1972
1474;BVerfGE33_303;numerus clausus;1972
1476;BVerfGE33_367;Zeugnisverweigerungsrecht für Sozialarbeiter;1972
1477;BVerfGE3_34;Aussetzung des Gesetzesvollzugs;1953
1480;BVerfGE33_52;Verbringungsgesetz, Zensur;1972
1483;BVerfGE3_359;Tatsachenfeststellung;1954
1485;BVerfGE3_368;Besatzungsrecht;1954
1486;BVerfGE3_377;Befangenheit im Verwaltungsverfahren;1954
1487;BVerfGE3_383;Zulassung politischer Parteien zur Landtagswahl;1954
1489;BVerfGE33_90;Lohnsteuerrecht;1972
1491;BVerfGE3_407;Baugutachten;1954
1492;BVerfGE3_41;Amtszeitverkürzung;1953
1497;BVerfGE34_139;Fahrbahndecke;1972
1500;BVerfGE34_160;Wahlsendung NPD;1972
1501;BVerfGE34_165;Hessische Förderstufe, Privatschulen;1972
1507;BVerfGE34_238;Heimliche Tonbandaufnahme;1973
1508;BVerfGE34_252;Vereinheitlichung der steuerberatenden Berufe;1973
1511;BVerfGE34_269;Soraya;1973
1512;BVerfGE34_293;Verteidigungsbefugnis Enslin-Kassiber;1973
1522;BVerfGE3_45;Nachrückende Ersatzleute;1953
1523;BVerfGE34_52;Hessisches Richtergesetz;1972
1525;BVerfGE34_71;Sachkundenachweis;1972
1526;BVerfGE34_81;Sperrklausel, Wahlgleichheit;1972
1527;BVerfGE34_9;Besoldungsrecht;1972
1531;BVerfGE35_171;Besorgnis der Befangenheit (Rottmann);1973
1534;BVerfGE35_185;Haftgrund, Wiederholungsgefahr;1973
1536;BVerfGE3_52;Weihnachtsgeld;1953
1537;BVerfGE35_202;Lebach-Urteil;1973
1541;BVerfGE35_263;Baurecht Nachbarklage;1973
1547;BVerfGE35_307;Untersuchungshaft Fernsehgerät;1973
1551;BVerfGE35_348;Armenrecht für juristische Personen;1973
1552;BVerfGE35_35;Untersuchungsgefangener;1973
1553;BVerfGE35_363;Umsatzsteuerprivileg;1973
1554;BVerfGE35_366;Kreuz im Gerichtssaal;1973
1557;BVerfGE35_382;Ausländerausweisung, Palästina;1973
1559;BVerfGE35_5;Untersuchungshaft Schreibmaschine;1973
1560;BVerfGE35_65;Wegfall des Vorverfahrens VwGO;1973
1561;BVerfGE35_79;Hochschulurteil;1973
1562;BVerfGE3_58;Beamtenurteil;1953
1563;BVerfGE36_1;Grundlagenvertrag;1973
1569;BVerfGE36_139;Wahlrecht Auslandsdeutscher;1973
1571;BVerfGE36_146;Eheverbot der Geschlechtsgemeinschaft;1973
1573;BVerfGE36_193;Aussageverweigerungsrecht der Presse;1973
1577;BVerfGE36_237;Nachversicherung;1973
1579;BVerfGE36_264;Überlastung des Schwurgerichts;1973
1580;BVerfGE36_281;Offenlegung Patentrecht;1974
1584;BVerfGE36_314;Zeugnisverweigerungsrecht der Presse;1974
1585;BVerfGE36_321;Schallplattenumsatzsteuer;1974
1586;BVerfGE36_342;Niedersächsisches Landesbesoldungsgesetz;1974
1588;BVerfGE36_383;Unfallversicherung;1974
1590;BVerfGE36_47;Nachnahmeversand von Tieren;1973
1591;BVerfGE36_66;Stabilitätszuschlag;1973
1595;BVerfGE36_92;Versagung rechtlichen Gehörs;1973
1596;BVerfGE37_1;Weinwirtschaftsabgabe;1974
1598;BVerfGE37_104;Bonus-Malus-Regelung;1974
1600;BVerfGE37_132;Wohnraumkündigung, Vergleichsmiete;1974
1603;BVerfGE37_167;Dienstbezüge während eines Disziplinarverfahrens;1974
1606;BVerfGE37_217;Staatsangehörigkeit von Kindern;1974
1608;BVerfGE37_271;Solange I;1974
1611;BVerfGE37_328;Gasöl-Verwendungsgesetz;1974
1614;BVerfGE37_363;Zustimmungsgesetz (Bundesrat);1974
1616;BVerfGE37_57;DDR Rechtshilfegesetz;1974
1620;BVerfGE38_1;Richteramtsbezeichnungen;1974
1622;BVerfGE38_105;Vertretung von Zeugen, Rechtsbeistand;1974
1623;BVerfGE38_121;Steinkohlenbergbau;1974
1624;BVerfGE38_128;Wiedergutmachungsrecht;1974
1626;BVerfGE38_154;Wehrdienstopfer;1974
1627;BVerfGE38_175;Rückenteignung;1974
1631;BVerfGE38_23;Deutsche National-Zeitung;1974
1633;BVerfGE38_241;Ehelichkeitsanfechtung;1974
1634;BVerfGE38_258;Magistratsverfassung Schleswig-Holstein;1974
1636;BVerfGE38_281;Arbeitnehmerkammern;1974
1639;BVerfGE38_326;Passives Wahlrecht, Inkompatibilität (Landtagsmandat);1975
1640;BVerfGE38_347;Deutsche National-Zeitung;1975
1641;BVerfGE38_348;Zweckentfremdung von Wohnraum;1975
1643;BVerfGE38_373;Rezeptsammelstellen;1975
1644;BVerfGE38_386;Aussperrung von Betriebsratsmitgliedern;1975
1645;BVerfGE38_398;Auslieferung;1975
1648;BVerfGE38_61;Leberpfennig;1974
1649;BVerfGE39_1;Schwangerschaftsabbruch I;1975
1650;BVerfGE39_128;Erstattung der Ausbildungskosten, Soldatengesetz;1975
1652;BVerfGE39_156;Gemeinschaftliche Verteidigung im Strafverfahren;1975
1653;BVerfGE39_169;Hinterbliebenenrente;1975
1654;BVerfGE39_196;Witwenrente, Beamtenpension;1975
1657;BVerfGE39_238;Entpflichtung eines Pflichtverteidigers;1975
1659;BVerfGE39_258;Kapazitätsausnutzung (Studienplätze);1975
1660;BVerfGE39_276;Passivlegitimation für Zahlungsklagen, Studienplatzvergabe;1975
1661;BVerfGE39_302;Grundrechtsfähigkeit der AOK;1975
1662;BVerfGE39_316;Kinderzuschuss in der Knappschaft;1975
1663;BVerfGE39_334;Radikalenerlass;1975
1664;BVerfGE39_96;Städtebauförderungsgesetz;1975
1669;BVerfGE40_11;Wahlprüfung;1975
1670;BVerfGE40_121;Waisenrente;1975
1671;BVerfGE40_141;Ostverträge;1975
1675;BVerfGE40_196;Güterkraftverkehrsgesetz;1975
1677;BVerfGE40_237;Rechtsschutzverfahren im Strafvollzug;1975
1681;BVerfGE40_276;St. Pauli-Nachrichten;1975
1682;BVerfGE40_287;Verfassungsschutzbericht;1975
1683;BVerfGE40_294;Zwangsversteigerung;1975
1684;BVerfGE40_296;Abgeordnetendiäten;1975
1686;BVerfGE40_356;Besetzung der Richterbank;1975
1687;BVerfGE40_371;Werbefahrten im Straßenverkehr;1975
1691;BVerfGE40_56;Vergnügungssteuergesetz Nordrhein-Westfalen;1975
1693;BVerfGE40_65;Familienhilfe in der Knappschaft;1975
1695;BVerfGE40_88;Führerschein;1975
1697;BVerfGE4_1;Bindung durch Rechtsinstanz;1954
1698;BVerfGE41_1;Richterwahl;1975
1701;BVerfGE41_126;Reparationsschaden;1976
1702;BVerfGE4_115;Besoldungsgesetz Nordrhein-Westfalen;1954
1704;BVerfGE41_205;Gebäudeversicherungsmonopol;1976
1707;BVerfGE41_231;Kommunalrechtliches Vertretungsverbot;1976
1709;BVerfGE41_246;Baader-Meinhof-Prozess;1976
1710;BVerfGE41_251;Speyer-Kolleg;1976
1712;BVerfGE41_29;Simultanschule Baden-Württemberg;1975
1713;BVerfGE41_291;Strukturförderung;1976
1721;BVerfGE41_360;Nachtbackverbot;1976
1722;BVerfGE41_378;Rechtsbeistand;1976
1723;BVerfGE41_399;Wahlkampfkostenpauschale;1976
1726;BVerfGE4_144;Abgeordnetenentschädigung (Schleswig-Holstein);1955
1727;BVerfGE4_157;Saarstatut;1955
1728;BVerfGE41_65;Gemeinsame Schule Bayern;1975
1729;BVerfGE4_178;Landesgesetze zur Verwaltungsgerichtsbarkeit (Baden-Württemberg);1955
1730;BVerfGE41_88;Gemeinschaftsschule Nordrhein-Westfalen;1975
1734;BVerfGE42_1;Sicherungsverwahrung;1976
1735;BVerfGE42_103;Verwaltungsrechtlicher Vertrag;1976
1739;BVerfGE42_133;Wahlwerbung;1976
1741;BVerfGE42_143;Deutscher Gewerkschaftsbund;1976
1742;BVerfGE42_163;Herabsetzendes Werturteil;1976
1743;BVerfGE42_172;Klageerzwingungsverfahren;1976
1744;BVerfGE42_176;Anrechnung der Abfindung;1976
1745;BVerfGE4_219;Junktimklausel;1955
1746;BVerfGE42_191;Krankentransport;1976
1747;BVerfGE42_20;Öffentliches Wegeeigentum;1976
1749;BVerfGE42_212;Durchsuchungsbefehl;1976
1754;BVerfGE42_243;Hinweispflicht;1976
1758;BVerfGE42_263;Contergan;1976
1759;BVerfGE42_312;Inkompatibilität (kirchliches Amt);1976
1762;BVerfGE42_374;Pfandleihgewerbe;1976
1764;BVerfGE42_42;Normenkontrollverfahren;1976
1767;BVerfGE42_64;Zwangsversteigerung;1976
1768;BVerfGE4_27;Politische Parteien im Organstreit, Wahlrechtsgleichheit;1954
1772;BVerfGE4_294;Versetzung in den Ruhestand;1955
1773;BVerfGE42_95;Besuchserlaubnis Untersuchungshaft;1976
1775;BVerfGE4_309;Fristversäumnis im Verfassungsbeschwerdeverfahren;1955
1776;BVerfGE4_31;Sperrklausel Südschleswigscher Wählerverband;1954
1779;BVerfGE43_108;Kinderfreibetrag;1976
1782;BVerfGE43_130;Politisches Flugblatt;1976
1783;BVerfGE43_142;Verfassungsbeschwerde einer Parlamentsfraktion;1976
1785;BVerfGE43_154;Direktor der Datenzentrale;1976
1794;BVerfGE43_242;Berufungsvereinbarung;1977
1796;BVerfGE43_291;Parkstudium II;1977
1797;BVerfGE4_331;Soforthilfegesetz;1955
1798;BVerfGE43_34;Quereinstieg;1976
1799;BVerfGE43_47;Parkstudium;1976
1802;BVerfGE4_358;Reichsgesetz über den Finanzausgleich;1955
1803;BVerfGE43_58;Laborgemeinschaft;1976
1804;BVerfGE4_370;Mandatsrelevanz;1955
1805;BVerfGE4_375;Schwerpunktpartei;1956
1810;BVerfGE44_1;Nichtehelichen-Erbrecht;1976
1812;BVerfGE44_105;Vorläufiges Berufsverbot gegen Rechtsanwalt;1977
1813;BVerfGE4_412;Gesetzlicher Richter, Terminanberaumung;1956
1814;BVerfGE44_125;Öffentlichkeitsarbeit der Bundesregierung;1977
1815;BVerfGE44_197;Solidaritätsadresse;1977
1819;BVerfGE44_249;Alimentationsprinzip;1977
1824;BVerfGE44_308;Beschlussfähigkeit des Bundestages;1977
1825;BVerfGE44_322;Allgemeinverbindlichkeitserklärung von Tarifverträgen;1977
1826;BVerfGE44_353;Beratungsstelle für Suchtkranke;1977
1827;BVerfGE44_37;Nachbesteuerung bei Kirchenaustritt;1977
1828;BVerfGE4_45;D-Markbilanzgesetz;1954
1832;BVerfGE45_1;Haushaltsüberschreitung;1977
1833;BVerfGE45_104;Unterhaltsleistung Geschiedener;1977
1834;BVerfGE45_142;Interventionsrecht;1977
1835;BVerfGE45_187;Lebenslange Freiheitsstrafe;1977
1836;BVerfGE4_52;Elterliches Erziehungsrecht, dänische Schule;1954
1838;BVerfGE45_297;Hamburger U-Bahn;1977
1839;BVerfGE45_346;Architektenkammer Niedersachsen;1977
1843;BVerfGE45_376;Unfallversicherung des nasciturus;1977
1845;BVerfGE45_400;Oberstufenreform (Hessen);1977
1846;BVerfGE45_422;Amtsenthebung eines Notars;1977
1847;BVerfGE45_434;RAF;1977
1848;BVerfGE45_63;Stadtwerke Hameln;1977
1851;BVerfGE4_60;Intendanturweinauflagen;1954
1852;BVerfGE46_1;Kontaktsperre;1977
1853;BVerfGE46_120;Digitale Nachrichtenübermittlung;1977
1855;BVerfGE46_160;Schleyer;1977
1856;BVerfGE46_166;Vorläufiger Rechtsschutz des Sozialgerichts;1977
1860;BVerfGE46_194;Beschleunigungsgebot in Haftsachen;1977
1866;BVerfGE46_224;Gewerbesteuerpflicht des Handelsvertreters;1977
1867;BVerfGE46_246;Halbfettmargarine;1977
1868;BVerfGE46_266;Krankenhausaufnahme;1977
1869;BVerfGE46_268;Bayerisches Bodenreformgesetz;1977
1874;BVerfGE46_325;Zwangsversteigerung;1977
1877;BVerfGE46_342;Bankkonto der Philippinischen Botschaft;1977
1883;BVerfGE46_73;Betriebsratsarbeit im katholischen Krankenhaus;1977
1884;BVerfGE46_97;Witwengeld;1977
1885;BVerfGE4_7;Investitionshilfe;1954
1886;BVerfGE47_1;Hausgehilfin;1977
1889;BVerfGE47_109;Bestimmtheitsgebot;1978
1897;BVerfGE47_198;Wahlwerbesendung;1978
1898;BVerfGE47_239;Zwangsweiser Haarschnitt;1978
1899;BVerfGE47_253;Wahlvorschriften für Bezirksvertretungen;1978
1900;BVerfGE47_285;Notargebühren;1978
1901;BVerfGE47_327;Hessisches Universitätsgesetz;1978
1902;BVerfGE4_74;Ärztliches Berufungsgericht;1954
1903;BVerfGE47_46;Sexualkundeunterricht;1977
1904;BVerfGE47_85;Ehereformgesetz (Stichtagsregelung);1977
1908;BVerfGE48_127;Wehrpflichtnovelle;1978
1910;BVerfGE48_210;Ausländische Einkünfte;1978
1911;BVerfGE48_227;Lohnfortzahlung;1978
1917;BVerfGE48_292;Vorläufiges Berufsverbot für einen Rechtsanwalt;1978
1918;BVerfGE48_300;Vertretungsverbot Ehrengericht;1978
1919;BVerfGE48_327;Familienname;1978
1921;BVerfGE48_346;Witwenurteil;1978
1922;BVerfGE48_367;Hessisches Pressegesetz;1978
1923;BVerfGE48_376;Tierversuche;1978
1927;BVerfGE48_403;Wohnungsbauprämie;1978
1929;BVerfGE48_64;Passives Wahlrecht, Inkompatibilität (Unternehmen);1978
1932;BVerfGE49_148;Revisionsrecht;1978
1933;BVerfGE49_15;Volksentscheid Oldenburg;1978
1934;BVerfGE49_168;Aufenthaltserlaubnis;1978
1936;BVerfGE49_192;Nachentrichtung in der Rentenversicherung;1978
1939;BVerfGE49_220;Zwangsversteigerung;1978
1940;BVerfGE49_24;Kontaktsperregesetz;1978
1941;BVerfGE49_244;Vergleichsmiete;1978
1942;BVerfGE49_252;Versagung rechtlichen Gehörs;1978
1944;BVerfGE49_280;Zeugenentschädigung;1978
1945;BVerfGE49_286;Geschlechtsumwandlung;1978
1946;BVerfGE49_304;Sachverständigenhaftung;1978
1949;BVerfGE49_343;Kommunalabgabengesetz Schleswig-Holstein;1978
1954;BVerfGE49_70;Untersuchungsausschuss Schleswig-Holstein;1978
1960;BVerfGE50_142;Unterhaltspflichtverletzung;1979
1961;BVerfGE50_16;Anfechtung;1978
1962;BVerfGE50_166;Ausweisung;1979
1964;BVerfGE50_195;Gemeindename;1979
1965;BVerfGE50_205;Strafbarkeit von Bagatelldelikten;1979
1967;BVerfGE50_234;Ausschluss eines Reporters;1979
1968;BVerfGE50_244;Auslieferung;1979
1974;BVerfGE50_290;Mitbestimmung der Arbeitnehmer;1979
1982;BVerfGE50_5;Verminderte Schuldfähigkeit;1978
1983;BVerfGE50_50;Kommunale Selbstverwaltung, Gebietsneugliederung;1978
1984;BVerfGE50_57;Besteuerung von Zinsen;1978
1986;BVerfGE51_1;Rentenauszahlung in das Ausland;1979
1989;BVerfGE51_130;Ausbildungskapazität;1979
1991;BVerfGE51_150;Zwangsversteigerung;1979
1996;BVerfGE51_193;Warenzeichenrecht;1979
1999;BVerfGE51_268;Grundschulauflösung;1979
2000;BVerfGE51_295;Sperrklausel Europawahlgesetz;1979
2001;BVerfGE5_13;Zitiergebot;1956
2003;BVerfGE51_324;Verhandlungsunfähigkeit des Angeklagten;1979
2006;BVerfGE51_369;Auflösungsgesetz der Pädagogischen Hochschule des Saarlandes;1979
2008;BVerfGE51_386;Ausweisung;1979
2010;BVerfGE51_405;Beschwerdebefugnis;1979
2011;BVerfGE51_43;Bayerisches Personalvertretungsgesetz;1979
2013;BVerfGE5_17;Benachteiligung wegen Heimat oder Herkunft;1956
2014;BVerfGE51_77;Personalrat;1979
2015;BVerfGE51_97;Durchsuchungsanordnung Zwangsvollstreckung;1979
2017;BVerfGE52_1;Kleingarten;1979
2018;BVerfGE52_131;Arzthaftung;1979
2019;BVerfGE52_187;EWG-Recht;1979
2022;BVerfGE52_214;Vollstreckungsschutz;1979
2023;BVerfGE52_223;Schulgebet;1979
2024;BVerfGE52_256;Umlageverfahren einer Rechtsanwaltskammer;1979
2027;BVerfGE52_283;Tendenzschutz für Presseunternehmen;1979
2028;BVerfGE52_303;Liquidationsrecht;1979
2029;BVerfGE52_357;Mutterschutz;1979
2030;BVerfGE52_369;Hausarbeitstag;1979
2031;BVerfGE52_380;Prüfungsrecht;1979
2033;BVerfGE52_42;Gemeinderecht, Ausschluss eines Rechtsanwaltes;1979
2034;BVerfGE5_25;Apothekenerrichtung;1956
2035;BVerfGE52_63;Parteienfinanzierung III;1979
2036;BVerfGE52_95;Amtsverwaltung Schleswig-Holstein;1979
2037;BVerfGE53_1;Schulbücher;1979
2038;BVerfGE53_100;Gerichtsbezirk;1980
2043;BVerfGE53_152;Haftbefehl;1980
2045;BVerfGE53_185;Gymnasiale Oberstufenreform;1980
2049;BVerfGE53_224;Ehescheidung;1980
2051;BVerfGE53_257;Versorgungsausgleich;1980
2052;BVerfGE53_30;Mülheim-Kärlich;1979
2056;BVerfGE53_352;Vergleichsmiete;1980
2058;BVerfGE53_366;Konfessionelles Krankenhaus;1980
2060;BVerfGE53_96;Apothekenwerbung;1980
2064;BVerfGE54_117;Präklusion Zivilprozessordnung;1980
2065;BVerfGE54_129;Kunstkritik;1980
2067;BVerfGE54_143;Taubenfütterung;1980
2070;BVerfGE54_173;Ausbildungskapazität Hochschulrecht;1980
2071;BVerfGE54_208;Böll Heinrich;1980
2073;BVerfGE54_224;Kassenärztliches Abrechnungsverfahren;1980
2074;BVerfGE54_237;Sozietätsverbot;1980
2075;BVerfGE54_251;Vormundschaftsrecht;1980
2076;BVerfGE54_277;Nichtannahme einer Revision;1980
2077;BVerfGE54_301;Buchführungsprivileg;1980
2078;BVerfGE54_341;Asylgewährung;1980
2079;BVerfGE54_363;Akademische Selbstverwaltung;1980
2080;BVerfGE54_39;Verwaltungsgerichtliches Musterverfahren;1980
2083;BVerfGE54_53;Ausbürgerung;1980
2088;BVerfGE55_1;Flughafen München;1980
2089;BVerfGE55_100;Kindergeld;1980
2092;BVerfGE55_134;Härteklausel im Scheidungsrecht;1980
2095;BVerfGE55_159;Falknerjagdschein;1980
2096;BVerfGE55_171;Sorgerecht;1980
2099;BVerfGE55_207;Nebentätigkeit der Beamten;1980
2100;BVerfGE55_244;Wohnungsmodernisierung;1980
2101;BVerfGE55_249;Wohnhausabbruch;1980
2102;BVerfGE55_261;Diplomingenieur;1980
2103;BVerfGE55_274;Ausbildungsplatzförderung;1980
2107;BVerfGE55_37;Mehrfachstimmrecht der Professorenvertreter;1980
2109;BVerfGE55_372;Richterbesoldung VI;1981
2110;BVerfGE5_56;Baden-Abstimmung;1956
2111;BVerfGE55_7;Allgemeinverbindlichkeitserklärung;1980
2112;BVerfGE55_72;Verspätetes Vorbringen, Präklusion;1980
2122;BVerfGE56_216;Rechtsschutz im Asylverfahren;1981
2123;BVerfGE56_22;Kriminelle Vereinigung;1981
2124;BVerfGE56_244;Brokdorf I;1981
2126;BVerfGE56_249;Gondelbahn;1981
2128;BVerfGE56_298;Lärmschutz;1980
2130;BVerfGE56_363;Sorgerecht bei nichtehelichem Kind;1981
2131;BVerfGE56_37;Selbstbezichtigung des Gemeinschuldners;1981
2132;BVerfGE56_396;Agententätigkeit;1981
2133;BVerfGE56_54;Fluglärm;1981
2136;BVerfGE56_99;Bürogemeinschaft;1981
2137;BVerfGE5_71;Verordnungsermächtigung;1956
2138;BVerfGE57_1;NPD;1981
2141;BVerfGE57_121;Fachanwalt;1981
2142;BVerfGE57_139;Schwerbehindertenabgabe;1981
2143;BVerfGE57_170;Briefverkehr in der Untersuchungshaft;1981
2144;BVerfGE57_220;Bethel;1981
2145;BVerfGE57_250;Zeugen vom Hörensagen, V-Mann;1981
2146;BVerfGE57_29;Verbot des Uniformtragens;1981
2147;BVerfGE57_295;Drittes Rundfunkurteil;1981
2148;BVerfGE57_335;Angestelltenversicherung Rentenberechnung;1981
2149;BVerfGE57_346;Zwangsvollstreckung, Durchsuchungsanordnung;1981
2150;BVerfGE57_361;Unterhaltsanspruch Altehe;1981
2151;BVerfGE57_39;Willkürverbot;1981
2152;BVerfGE57_43;Inkompatibilität, passives Wahlrecht (Ruhestandsbeamter);1981
2153;BVerfGE5_77;Unterschriftenquorum parteifreier Wählergruppen;1956
2154;BVerfGE57_70;Universitäre Krankenversorgung;1981
2155;BVerfGE57_9;Einlieferungsersuchen;1981
2156;BVerfGE58_1;Eurocontrol I;1981
2157;BVerfGE58_137;Pflichtexemplar;1981
2160;BVerfGE58_163;Willkürverbot;1981
2167;BVerfGE58_177;Inkompatibilität (Kreisangestellter), passives Wahlrecht Niedersachsen;1981
2168;BVerfGE58_202;aktives Wahlrecht deutscher EG-Beamter;1981
2169;BVerfGE58_208;Unterbringung eines Geisteskranken (Baden-Württemberg);1981
2170;BVerfGE58_233;Deutscher Arbeitnehmerverband;1981
2171;BVerfGE58_257;Schulausschluss;1981
2173;BVerfGE58_300;Nassauskiesung;1981
2175;BVerfGE58_358;Bewährungsauflage in der Strafaussetzung;1981
2176;BVerfGE58_369;Gesetzliche Unfallversicherung, Berufskrankheit;1981
2177;BVerfGE58_377;Erbrecht;1981
2179;BVerfGE5_85;KPD-Urteil;1956
2180;BVerfGE58_68;Beihilfegewährung;1981
2181;BVerfGE58_81;Ausbildungsausfallzeiten;1981
2182;BVerfGE5_9;Frauenarbeitszeit;1956
2183;BVerfGE59_1;Auswahlverfahren für Studienplatzvergabe;1981
2185;BVerfGE59_119;Briefwahl;1981
2187;BVerfGE59_172;Ausbildungskapazität Vorklinikum;1981
2189;BVerfGE59_231;Freier Rundfunkmitarbeiter;1982
2190;BVerfGE59_275;Schutzhelmpflicht;1982
2196;BVerfGE59_36;Leistungsgruppeneinteilung;1981
2199;BVerfGE59_63;Eurocontrol II;1981
2201;BVerfGE59_98;Willkürverbot;1981
2206;BVerfGE60_123;Geschlechtsumwandlung;1982
2209;BVerfGE60_162;Personalvertretungswahl;1982
2210;BVerfGE60_175;Startbahn West;1982
2211;BVerfGE60_215;Sozietätsverbot;1982
2216;BVerfGE60_253;Anwaltsverschulden im Asylverfahren;1982
2217;BVerfGE60_305;Versagung rechtlichen Gehörs;1982
2218;BVerfGE60_313;Äußerungsfrist;1982
2221;BVerfGE60_348;Auslieferung bei drohender Todesstrafe;1982
2222;BVerfGE60_360;Gesetzliche Krankenversicherung;1982
2224;BVerfGE60_53;Rundfunkrat;1982
2225;BVerfGE60_68;Mutterschutzgesetz;1982
2226;BVerfGE60_7;Auflösungsklage GmbH;1982
2230;BVerfGE6_104;Sperrklausel Kommunalwahl;1957
2231;BVerfGE61_1;Meinungsäußerung im Wahlkampf;1982
2234;BVerfGE61_126;Erzwingungshaft;1982
2237;BVerfGE61_149;Amtshaftung;1982
2245;BVerfGE61_291;Tierpräparation;1982
2246;BVerfGE61_319;Ehegattensplitting;1982
2247;BVerfGE6_132;Gestapo;1957
2248;BVerfGE61_358;Gemeinsames Sorgerecht;1982
2258;BVerfGE62_1;Bundestagsauflösung Misstrauensvotum;1983
2260;BVerfGE62_169;Sperrguthaben DDR;1982
2267;BVerfGE62_230;Boykottaufruf;1982
2269;BVerfGE62_256;Kündigungsfristen;1982
2272;BVerfGE62_323;Hinkende Ehe;1982
2276;BVerfGE62_354;Heilfürsorgeanspruch;1982
2281;BVerfGE6_257;Teilweise gesetzgeberisches Unterlassen;1957
2282;BVerfGE6_273;Gesamtdeutsche Volkspartei;1957
2284;BVerfGE6_290;Washingtoner Abkommen;1957
2286;BVerfGE6_309;Reichskonkordat;1957
2287;BVerfGE63_1;Schornsteinfegerversorgung;1983
2288;BVerfGE63_119;Rentenausfallzeiten;1983
2289;BVerfGE63_131;Gegendarstellung;1983
2294;BVerfGE63_197;Auslieferung an die Türkei;1983
2295;BVerfGE6_32;Elfes-Urteil;1957
2297;BVerfGE63_230;Öffentlichkeitsarbeit der Bundesregierung;1983
2299;BVerfGE63_254;Wahlwerbespot, Verteilung der Sendezeiten;1983
2301;BVerfGE63_266;Zulassung zur Anwaltschaft;1983
2305;BVerfGE63_343;Rechtshilfevertrag zwischen Deutschland und Österreich;1983
2310;BVerfGE6_376;Wahlrechtsbeschwerde;1957
2312;BVerfGE63_80;Höfeverfahrensrecht;1983
2314;BVerfGE63_88;Versorgungsausgleich für Landwirte;1983
2317;BVerfGE64_108;Zeugnisverweigerungsrecht;1983
2320;BVerfGE64_135;Gerichtssprache;1983
2321;BVerfGE64_158;Dienstzeitprämie im Bundesgrenzschutz;1983
2325;BVerfGE64_203;§ 128 Abs 3 Zivilprozessordnung;1983
2326;BVerfGE64_208;Deputatkohle Bergarbeiter;1983
2333;BVerfGE64_261;Hafturlaub, lebenslange Freiheitsstrafe;1983
2334;BVerfGE64_301;Abgeordnetenentschädigung (Baden-Württemberg);1983
2341;BVerfGE6_45;Grundrechtsverletzung des Fiskus;1957
2343;BVerfGE64_72;Prüfingenieur;1983
2344;BVerfGE64_87;Rentenanpassung;1983
2345;BVerfGE65_1;Volkszählung Mikrozensus;1983
2347;BVerfGE65_104;Mutterschaftsgeld;1983
2355;BVerfGE65_182;Sozialplan;1983
2356;BVerfGE65_196;Altersruhegeld, betriebliche Unterstützungskasse;1983
2357;BVerfGE65_227;Wahlwerbespot;1983
2361;BVerfGE65_283;Bebauungsplan;1983
2367;BVerfGE65_325;Zweitwohnungsteuer;1983
2369;BVerfGE65_377;Strafbefehl;1983
2370;BVerfGE6_55;Steuersplitting Haushaltsbesteuerung;1957
2372;BVerfGE65_76;Offensichtlichkeitsentscheidung (Asylantrag);1983
2373;BVerfGE66_1;Konkursausfallgeld;1983
2382;BVerfGE66_214;Zwangsläufige Unterhaltsaufwendung;1984
2386;BVerfGE66_248;Enteignung zugunsten Energieversorgung;1984
2390;BVerfGE66_270;Schlewig-Holsteinisches Hochschulgesetz;1984
2393;BVerfGE66_313;Strafverfahrenskosten;1984
2396;BVerfGE66_337;Wiederzulassung eines Rechtsanwaltes;1984
2397;BVerfGE66_369;Wahlprüfung;1984
2398;BVerfGE66_39;Nachrüstung Pershing II;1983
2400;BVerfGE66_84;Unterhaltsvorrang;1984
2402;BVerfGE67_1;Emeritierung;1984
2403;BVerfGE67_100;Flick-Untersuchungsausschuss;1984
2405;BVerfGE67_149;Wahlwerbesendung WDR;1984
2407;BVerfGE67_157;Post- und Telefonkontrolle G 10;1984
2412;BVerfGE67_213;Anachronistischer Zug;1984
2415;BVerfGE67_245;Scheinehe;1984
2417;BVerfGE67_256;Investitionshilfegesetz;1984
2420;BVerfGE67_299;Laternengarage;1984
2421;BVerfGE67_329;Höferecht;1984
2424;BVerfGE67_382;Personalratswahl;1984
2426;BVerfGE67_43;Offensichtlichkeitsentscheidung (Asylantrag);1984
2429;BVerfGE67_90;Fehlerhafte Rechtsanwendung;1984
2431;BVerfGE68_1;Atomwaffenstationierung Pershing II;1984
2435;BVerfGE68_176;Pflegefamilie;1984
2436;BVerfGE68_193;Zahntechniker-Innung, Kostendämpfungs-Ergänzungsgesetz;1984
2442;BVerfGE68_287;Pensionsrückstellung;1984
2444;BVerfGE68_319;Gebührenordnung für Ärzte;1984
2450;BVerfGE68_361;Eigenbedarfskündigung;1985
2453;BVerfGE6_84;Sperrklausel;1957
2454;BVerfGE69_1;Kriegsdienstverweigerung;1985
2464;BVerfGE69_188;Betriebsaufspaltung;1985
2465;BVerfGE69_209;Steuerberaterprüfung;1985
2469;BVerfGE69_257;Wahlwerbesendung;1985
2475;BVerfGE69_92;Parteienfinanzierung IV;1985
2476;BVerfGE70_1;Orthopädietechniker-Innung;1985
2477;BVerfGE70_101;Doppelanrechnung, gesetzliche Rentenversicherung;1985
2481;BVerfGE70_138;Kirchliches Kündigungsrecht;1985
2483;BVerfGE70_180;Asylverfahren, rechtliches Gehör;1985
2484;BVerfGE70_191;Fischereirecht;1985
2489;BVerfGE70_251;Bremisches Schulverwaltungsgesetz;1985
2491;BVerfGE70_278;Lohnsteuererstattung;1985
2492;BVerfGE70_288;Bierlieferungsquote;1985
2493;BVerfGE70_297;Fortdauer der Unterbringung in einem psychiatrischen Krankenhaus;1985
2494;BVerfGE70_324;Haushaltskontrolle der Geheimdienste;1986
2495;BVerfGE70_35;Bauleitplanungsgesetz Hamburg;1985
2496;BVerfGE70_69;Waisenrente;1985
2498;BVerfGE7_1;Berlin-Vorbehalt;1957
2500;BVerfGE71_1;Rentenausfallzeit, gesetzliche Rentenversicherung;1985
2501;BVerfGE71_108;Neutralität im Wahlraum;1985
2502;BVerfGE7_111;Bayerische Flugblätter;1957
2503;BVerfGE71_122;Prozesskostenhilfe im Verwaltungsprozess;1985
2505;BVerfGE71_146;Ausbildungshilfe für Ehegatten;1985
2506;BVerfGE71_158;Legende vom toten Soldaten;1985
2507;BVerfGE71_162;Autobiographie eines Chefarztes;1985
2509;BVerfGE7_120;Personalvertretung;1957
2510;BVerfGE71_202;Auslegung einer Prozesserklärung;1985
2511;BVerfGE71_206;Veröffentlichung der Anklageschrift;1985
2513;BVerfGE71_23;Festsetzung des Gegenstandswertes;1985
2514;BVerfGE71_230;Vergleichsmiete Kappungsgrenze;1985
2515;BVerfGE71_25;Kommunalverfassungsbeschwerde;1985
2520;BVerfGE71_305;Milch-Garantiemengen-Verordnung;1985
2524;BVerfGE71_39;Ortszuschlag Beamtenbesoldung;1985
2525;BVerfGE7_155;Hauptamtlicher Bürgermeister;1957
2529;BVerfGE7_171;Dieselsubventionierung;1957
2531;BVerfGE7_18;Bayerisches Ärztegesetz;1957
2532;BVerfGE71_81;Arbeitnehmerkammern Bremen;1985
2537;BVerfGE7_198;Lüth-Urteil;1958
2538;BVerfGE72_1;Altersgrenze Altersruhegeld;1986
2539;BVerfGE72_105;Aussetzung lebenslanger Freiheitsstrafe;1986
2541;BVerfGE72_122;Entzug des Sorgerechts;1986
2543;BVerfGE72_155;Elterliche Vertretungsmacht;1986
2544;BVerfGE72_200;Deutsch-Schweizerisches Doppelbesteuerungsabkommen;1986
2547;BVerfGE72_296;Selbstablehnung (Herzog);1986
2548;BVerfGE72_299;Wiederaufbereitungsanlage Wackersdorf;1986
2551;BVerfGE72_330;Länderfinanzausgleich I;1986
2554;BVerfGE72_39;Kindererziehungszeit;1986
2556;BVerfGE7_244;Badische Weinabgabe;1958
2559;BVerfGE72_66;Flughafen Salzburg;1986
2564;BVerfGE7_29;Pressedelikte;1957
2565;BVerfGE72_9;Arbeitslosengeld;1986
2567;BVerfGE7_305;Rechtsverhältnisse der Flüchtlinge;1958
2568;BVerfGE73_1;Parteinahe Stiftungen;1986
2569;BVerfGE73_118;Niedersächsisches Landesrundfunkgesetz;1986
2570;BVerfGE7_320;Erziehung zur Freikörperkultur;1958
2571;BVerfGE73_206;Sitzblockade I;1986
2572;BVerfGE73_261;Sozialplan für Hausbrandkohle;1986
2574;BVerfGE73_280;Auswahl von Notarbewerbern;1986
2576;BVerfGE73_301;Vermessungsingenieur (Hessen);1986
2579;BVerfGE73_339;Solange II;1986
2580;BVerfGE73_388;Kirchgeld;1986
2582;BVerfGE73_40;Parteienfinanzierung III;1986
2587;BVerfGE7_377;Apotheken-Urteil;1958
2589;BVerfGE74_102;Erziehungsmaßregel;1987
2590;BVerfGE74_129;Betriebliche Altersversorgung;1987
2591;BVerfGE74_163;Rentenalter;1987
2592;BVerfGE74_182;Einheitswert;1987
2593;BVerfGE74_203;Arbeitslosengeld, Meldeversäumnis;1987
2596;BVerfGE74_228;Fernschriftliche Berufungsbegründung, Formmangel;1987
2598;BVerfGE74_244;Religionsunterricht;1987
2600;BVerfGE74_264;Boxberg;1987
2601;BVerfGE74_297;Landesmediengesetz Baden-Württemberg;1987
2602;BVerfGE74_33;Erbersatzanspruch des nichtehelichen Kindes;1986
2603;BVerfGE74_358;Privatklageverfahren, Unschuldsvermutung, Verfahrenskosten;1987
2604;BVerfGE74_44;Aktion Ausländerrückführung;1986
2606;BVerfGE74_51;Nachfluchtgrund;1986
2607;BVerfGE74_69;Rechnungsprüfung Süddeutscher Rundfunk;1986
2610;BVerfGE74_9;BAföG;1986
2613;BVerfGE75_1;Völkerrecht, ne bis in idem;1987
2614;BVerfGE75_108;Künstlersozialversicherung;1987
2615;BVerfGE75_166;Arzneimittelverkauf;1987
2616;BVerfGE75_183;Verspätetes Vorbringen;1987
2617;BVerfGE75_192;Sparkasse;1987
2618;BVerfGE75_201;Herausgabe eines Kindes;1987
2619;BVerfGE75_223;Vorabentscheidungsverfahren;1987
2620;BVerfGE75_246;Abschaffung des Rechtsbeistandes;1987
2623;BVerfGE75_302;Verspätetes Vorbringen;1987
2624;BVerfGE75_318;Betretungsrecht des Sachverständigen;1987
2625;BVerfGE75_329;Bestimmtheitsgrundsatz, Blankettsrafbestimmung;1987
2632;BVerfGE75_40;Privatschulfinanzierung;1987
2633;BVerfGE75_78;Erwerbsunfähigkeitsrente;1987
2636;BVerfGE76_1;Familiennachzug;1987
2637;BVerfGE76_100;Höfeordnung;1987
2638;BVerfGE76_107;Kommunale Planungshoheit;1987
2641;BVerfGE76_130;Pauschgebührenregelung Sozialgerichtsverfahren;1987
2642;BVerfGE76_143;Glaubensgemeinschaft, Nachfluchtgrund;1987
2643;BVerfGE76_171;Standesrecht;1987
2644;BVerfGE76_196;Werbeverbot für Rechtsanwälte;1987
2645;BVerfGE76_211;Sitzblockade II;1987
2646;BVerfGE76_220;Leistungskürzung im Rehabilitationsrecht;1987
2649;BVerfGE76_256;Altersversorgung Berufsbeamtentum;1987
2650;BVerfGE7_63;Listenwahl;1957
2651;BVerfGE76_363;Beugehaft;1987
2652;BVerfGE76_83;Zwangsvollstreckung, Durchsuchungsanordnung;1987
2655;BVerfGE77_1;Untersuchungsausschuss;1987
2658;BVerfGE77_130;Bergbau;1987
2659;BVerfGE77_137;Deutsche Staatsangehörigkeit;1987
2660;BVerfGE77_170;Lagerung chemischer Waffen;1987
2661;BVerfGE77_240;Plakataktion;1987
2664;BVerfGE77_275;Rechtsbehelfsfrist;1987
2665;BVerfGE77_288;Kommunale Planungshoheit;1987
2666;BVerfGE77_308;Arbeitnehmerweiterbildung;1987
2669;BVerfGE77_346;Jugendgefährdende Schriften;1988
2673;BVerfGE77_381;Zwischenlager Gorleben;1988
2675;BVerfGE77_65;Beschlagnahme von Filmmaterial;1987
2676;BVerfGE7_77;Platzerhaltmandat;1957
2677;BVerfGE77_84;Arbeitnehmerüberlassung im Baugewerbe;1987
2679;BVerfGE78_101;Eigentumsrecht von Rundfunkanstalten;1988
2680;BVerfGE78_104;Prozesskostenhilfe;1988
2686;BVerfGE78_179;Heilpraktikergesetz;1988
2689;BVerfGE78_205;Schatzregal Baden-Württemberg;1988
2690;BVerfGE78_214;Existenzminimum;1988
2691;BVerfGE78_232;Landwirtschaftliche Altershilfe;1988
2692;BVerfGE78_249;Fehlbelegungsabgabe;1988
2698;BVerfGE78_331;Ausschließungsgrund eines Richters;1988
2699;BVerfGE78_344;Kommunaler Mandatsträger;1988
2700;BVerfGE78_350;Parteienfinanzierung VI;1988
2702;BVerfGE78_374;Bestimmtheitsgrundsatz, Blankettstrafgesetz;1988
2703;BVerfGE78_38;Gemeinsamer Familienname;1988
2705;BVerfGE78_58;Herkunftsbezeichnung für Weine;1988
2711;BVerfGE7_89;Hamburgisches Hundesteuergesetz;1957
2712;BVerfGE79_1;Vergütung Urheberrecht;1988
2714;BVerfGE79_127;Kommunale Selbstverwaltung;1988
2716;BVerfGE79_169;Überhangmandate I;1988
2718;BVerfGE79_174;Erbbaurecht Straßenverkehrslärm;1988
2725;BVerfGE79_256;Kenntnis der eigenen Abstammung;1989
2726;BVerfGE79_275;Legende vom toten Soldaten;1989
2728;BVerfGE79_29;Vergütungsfreiheit Strafvollzug;1988
2729;BVerfGE79_292;Eigenbedarfskündigung;1989
2730;BVerfGE79_311;Staatsverschuldung;1989
2734;BVerfGE79_379;Parteiverbot Vereinigung Nationale Sammlung;1989
2738;BVerfGE79_51;Pflegeeltern;1988
2739;BVerfGE79_69;Eidespflicht;1988
2742;BVerfGE7_99;Sendezeitvergabe;1957
2743;BVerfGE80_1;Multiple-Choice-Verfahren I;1989
2745;BVerfGE80_109;Nichtermittlung des Fahrzeugführers, Kostenhaftung;1989
2746;BVerfGE80_124;Staatliche Presseförderung;1989
2747;BVerfGE80_137;Reiten im Walde;1989
2748;BVerfGE80_170;Zugewinnausgleich in der Landwirtschaft;1989
2750;BVerfGE80_188;Abgeordnetenstatus;1989
2751;BVerfGE80_244;Vereinsverbot;1989
2752;BVerfGE80_257;Notarrecht;1989
2754;BVerfGE80_286;Unterhaltsanspruch;1989
2756;BVerfGE80_315;Asylrecht;1989
2757;BVerfGE80_354;Totalverweigerung;1989
2759;BVerfGE80_367;Verwertung Tagebuchaufzeichnung;1989
2760;BVerfGE80_40;Multiple-Choice-Verfahren II;1989
2762;BVerfGE80_54;Ermittlungsverfahren;1989
2765;BVerfGE80_74;EG-Rundfunkrichtlinie;1989
2766;BVerfGE80_81;Volljährigenadoption I;1989
2767;BVerfGE80_96;Erstattungsanspruch des Arbeitgebers;1989
2768;BVerfGE8_1;Teuerungszulage;1958
2770;BVerfGE8_104;Volksbefragung über Atomwaffen;1958
2771;BVerfGE81_1;Schlüsselgewalt;1989
2777;BVerfGE81_142;Asylrecht;1989
2778;BVerfGE81_156;Erstattungsanspruch Arbeitsförderungsgesetz;1990
2779;BVerfGE81_208;Urheberrecht ausländischer Künstler;1990
2783;BVerfGE81_242;Wettbewerbsverbot des Handelsvertreters;1990
2786;BVerfGE81_278;Bundesflagge;1990
2787;BVerfGE81_29;Eigenbedarfskündigung Ferienwohnung;1989
2789;BVerfGE81_310;Kalkar II;1990
2791;BVerfGE81_363;Beamtenbaby;1990
2793;BVerfGE81_40;Übertragung von Taxikonzessionen;1989
2795;BVerfGE8_143;Beschussgesetz;1958
2797;BVerfGE8_155;Gesetzesvorbehalt bei leistungsgewährender Verwaltung;1958
2798;BVerfGE81_58;Jeziden I;1989
2799;BVerfGE81_70;Rückkehrgebot für Funkmietwagen;1989
2800;BVerfGE8_174;Zuständigkeit des BVerwG;1958
2801;BVerfGE8_183;Volksbefragungsverbot;1958
2805;BVerfGE8_197;Bußgeldverfahren;1958
2806;BVerfGE81_97;Vorbringen im Zivilprozess;1989
2808;BVerfGE82_1;Hitler-T-Shirt;1990
2809;BVerfGE8_210;Benachteiligungsverbot unehelicher Kinder;1958
2810;BVerfGE82_106;Unschuldsvermutung;1990
2811;BVerfGE82_126;Kündigungsschutz für Arbeiter;1990
2813;BVerfGE82_159;Absatzfonds;1990
2814;BVerfGE82_18;Kammerrechtsbeistand;1990
2816;BVerfGE82_209;Krankenhausplan Gesundheitsversorgung;1990
2817;BVerfGE8_222;Spielautomatensteuer;1958
2818;BVerfGE82_236;Flughafenblockade Startbahn 18 West;1990
2819;BVerfGE82_272;Zwangsdemokrat;1990
2820;BVerfGE82_286;Richterbesetzung Verfassungsgerichtshof des Saarlandes;1990
2824;BVerfGE82_310;Kommunale Rückneugliederung;1990
2825;BVerfGE82_316;Grundgesetzänderung Wiedervereinigung;1990
2826;BVerfGE82_322;Listenverbindung, Sperrklausel;1990
2829;BVerfGE82_43;Meinungsfreiheit;1990
2833;BVerfGE82_6;Mietrecht;1990
2834;BVerfGE8_260;Helgoland-Gesetz;1958
2835;BVerfGE82_60;Kindergeldentscheidung;1990
2836;BVerfGE8_274;Preisgesetz;1958
2837;BVerfGE8_28;Besoldungsrecht;1958
2840;BVerfGE83_119;Gemeinnützige Leistung als Bewährungsauflage;1990
2844;BVerfGE83_162;Einigungsvertrag;1990
2846;BVerfGE83_182;Pensionistenprivileg;1991
2847;BVerfGE83_201;Vorkaufsrecht;1991
2848;BVerfGE83_216;Jeziden II;1991
2849;BVerfGE83_238;6. Rundfunkurteil;1991
2850;BVerfGE83_24;Polizeigewahrsam, Vorbeugehaft;1990
2851;BVerfGE8_332;Wartestandsbestimmung;1958
2852;BVerfGE83_341;'Baha''i';1991
2853;BVerfGE83_363;Krankenhausfinanzierungsumlage (Rheinland-Pfalz);1991
2854;BVerfGE83_37;Ausländerwahlrecht bei Gemeinde- und Kreiswahlen (Schleswig-Holstein);1990
2855;BVerfGE83_395;Steuerfreiheit der Beihilfe;1991
2856;BVerfGE83_60;Ausländerwahlrecht zu Bezirksversammlungen (Hamburg);1990
2859;BVerfGE83_89;Hundert-Prozent-Grenze;1990
2860;BVerfGE84_1;Kindergeldkürzung;1991
2861;BVerfGE84_133;Warteschleifenregelung;1991
2863;BVerfGE84_168;Sorgerecht für nichteheliche Kinder;1991
2864;BVerfGE84_188;Überraschungsentscheidung;1991
2865;BVerfGE84_192;Offenbarungspflicht;1991
2866;BVerfGE84_197;Kündigungsschutz bei Zwischenvermietung;1991
2868;BVerfGE84_203;Versammlungsfreiheit;1991
2869;BVerfGE84_212;Aussperrung Arbeitskampf;1991
2871;BVerfGE84_239;Kapitalertragsteuer;1991
2874;BVerfGE84_290;DDR-Parteivermögen;1991
2875;BVerfGE84_304;Abgeordneter ohne Fraktionsstatus;1991
2876;BVerfGE84_34;Neubewertung von Prüfungsleistungen;1991
2879;BVerfGE84_348;Lohnsteuerkarte;1991
2881;BVerfGE84_372;Lohnsteuerhilfeverein;1991
2883;BVerfGE84_59;Medizinische Prüfung, Multiple-Choice-Verfahren III;1991
2887;BVerfGE84_9;Ehenamensrecht;1991
2888;BVerfGE84_90;Enteignungsentschädigung, Bodenreform I;1991
2889;BVerfGE8_51;Parteienfinanzierung I;1958
2890;BVerfGE85_1;Pressefreiheit;1991
2896;BVerfGE85_148;Stimmenauszählung Wahlprüfungsumfang;1991
2897;BVerfGE85_167;Akademie der Wissenschaften der DDR;1991
2899;BVerfGE85_191;Nachtarbeitsverbot für Frauen;1992
2903;BVerfGE85_23;Rhetorische Frage;1991
2905;BVerfGE85_248;Ärztliches Werbeverbot;1992
2906;BVerfGE85_264;Parteienfinanzierung VII;1992
2910;BVerfGE85_36;Ausbildungskapazität;1991
2911;BVerfGE85_360;Akademie der Wissenschaften der DDR;1992
2912;BVerfGE85_386;Fangschaltung;1992
2913;BVerfGE85_69;Eilversammlung;1991
2915;BVerfGE85_94;Kreuz im Klassenzimmer;1991
2916;BVerfGE85_97;Werbung für Lohnsteuerhilfeverein;1991
2917;BVerfGE86_1;Satiremagazin;1992
2918;BVerfGE86_122;Meinungsäußerungsfreiheit;1992
2919;BVerfGE86_133;Rückübertragungsanspruch;1992
2920;BVerfGE86_148;Länderfinanzausgleich II;1992
2922;BVerfGE86_28;Öffentlich bestellter Sachverständiger;1992
2923;BVerfGE86_280;Asylantrag;1992
2924;BVerfGE86_288;Lebenslange Freiheitsstrafe, Bewährungsaussetzung;1992
2926;BVerfGE86_382;Enteignung, Bergrecht der DDR;1992
2927;BVerfGE86_390;Schwangeren- und Familienhilfegesetz;1992
2928;BVerfGE86_46;Landwirtschaftliches Erbrecht;1992
2934;BVerfGE86_90;Kommunale Rückneugliederung;1992
2935;BVerfGE8_71;Bestimmtheit einer Rechtsverordnung;1958
2936;BVerfGE87_1;Kindererziehungszeiten, gesetzliche Rentenversicherung;1992
2939;BVerfGE87_114;Kleingartenpachtvertrag;1992
2940;BVerfGE87_152;Wirtschaftskraft;1992
2941;BVerfGE87_153;Grundfreibetrag Einkommensteuerrecht;1992
2942;BVerfGE87_181;Fernsehwerbung;1992
2944;BVerfGE87_209;Einziehung einer Videokassette;1992
2945;BVerfGE87_234;Einkommensanrechnung bei Arbeitslosenhilfe;1992
2947;BVerfGE87_273;Erörterungsgebühr;1992
2948;BVerfGE87_282;Vorlagepflicht;1992
2949;BVerfGE87_287;Tätigkeit eines Rechtsanwaltes;1992
2954;BVerfGE87_363;Nachtbackverbot III;1992
2956;BVerfGE87_399;Versammlungsauflösung;1992
2962;BVerfGE88_103;Beamteneinsatz bei Streik;1993
2963;BVerfGE88_118;Einspruchsfrist bei Versäumnisurteil;1993
2964;BVerfGE88_129;Promotionsberechtigung;1993
2966;BVerfGE88_145;Vergütung des Konkursverwalters;1993
2971;BVerfGE88_187;Pflegefamilie;1993
2973;BVerfGE88_203;Schwangerschaftsabbruch II;1993
2977;BVerfGE88_384;Anpassung der Bankredite der DDR;1993
2978;BVerfGE88_40;Zulassung einer privaten Grundschule;1992
2979;BVerfGE88_5;Gewerkschaftliche Beratungshilfe;1992
2982;BVerfGE88_76;Vermögensübertragung Treuhand;1993
2983;BVerfGE88_83;Schwangeren- und Familienhilfegesetz II;1993
2984;BVerfGE88_87;Geschlechtsumwandlung;1993
2985;BVerfGE8_89;Beschwerdeverwerfung;1958
2986;BVerfGE89_1;Eigenbedarfskündigung;1993
2993;BVerfGE89_132;Konkursausfallgeldversicherung;1993
2994;BVerfGE89_144;Konkursfähigkeit öffentlich-rechtlicher Rundfunkanstalten;1993
2996;BVerfGE89_155;Maastricht-Urteil;1993
2998;BVerfGE89_214;Bürgschaftsvertrag;1993
2999;BVerfGE89_237;Eigenbedarfskündigung;1993
3000;BVerfGE89_243;Kandidatenaufstellung;1993
3001;BVerfGE89_266;Unabhängige Arbeiterpartei;1993
3002;BVerfGE89_276;Geschlechtsbezogene Diskriminierung;1993
3004;BVerfGE89_291;Wahlprüfungsverfahren;1993
3006;BVerfGE89_315;Trennscheibe;1993
3011;BVerfGE89_346;Ausbildungsfreibetrag Einkommensteuer;1994
3012;BVerfGE89_359;Keine Befangenheit eines Richters (Herzog);1994
3014;BVerfGE89_38;Somalia UNOSOM II;1993
3015;BVerfGE89_381;Volljährigenadoption II;1994
3018;BVerfGE89_69;Haschischkonsum;1993
3022;BVerfGE90_1;Jugendgefährdende Schriften;1994
3023;BVerfGE90_107;Privatschulfinanzierung;1994
3024;BVerfGE90_128;Privatschulfinanzierung;1994
3025;BVerfGE90_145;Haschischkonsum;1994
3026;BVerfGE90_22;Annahmegründe;1994
3027;BVerfGE90_226;Kirchensteuer-Hebesatz;1994
3028;BVerfGE90_241;Judenverfolgung Auschwitzlüge;1994
3029;BVerfGE90_255;Briefüberwachung in einer JVA;1994
3030;BVerfGE90_263;Ehelichkeitsanfechtung;1994
3031;BVerfGE90_27;Parabolantenne I;1994
3032;BVerfGE90_277;Rundfunkfreiheit für private Rundfunkanbieter;1994
3033;BVerfGE90_286;AWACS-Bundeswehreinsatz;1994
3036;BVerfGE90_46;Kündigung während der Probezeit, Personalrat;1994
3037;BVerfGE90_60;Rundfunkurteil Kabelgroschen;1994
3040;BVerfGE91_1;Maßregelvollzug Entziehungsanstalt;1994
3042;BVerfGE91_125;Fernsehaufnahme im Gerichtssaal;1994
3045;BVerfGE91_148;Umlaufverfahren Warenausfuhr;1994
3047;BVerfGE91_186;Kohlepfennig;1994
3049;BVerfGE91_207;Hafengebühr;1994
3051;BVerfGE91_228;Kommunale Selbstverwaltung;1994
3053;BVerfGE9_124;Armenrecht;1959
3056;BVerfGE91_262;Parteibegriff I;1994
3057;BVerfGE91_276;Parteibegriff II;1994
3058;BVerfGE91_294;Mietpreisbindung;1994
3061;BVerfGE91_335;Klagezustellung;1994
3062;BVerfGE91_346;Abfindungsanspruch Höferecht;1994
3064;BVerfGE9_137;Reuegeld;1959
3068;BVerfGE9_162;Hochverrat ohne Parteiverbot;1959
3069;BVerfGE9_167;Wirtschaftsstrafgesetz;1959
3070;BVerfGE91_70;Gemeindegebietsreform;1994
3071;BVerfGE9_174;Politisch Verfolgter, Nachfluchtgrund;1959
3074;BVerfGE91_93;Kindergeld;1994
3075;BVerfGE9_194;Wahlklage;1959
3076;BVerfGE9_20;Arbeitslosenhilfe;1958
3078;BVerfGE92_1;Sitzblockade III;1995
3080;BVerfGE92_126;Parabolantenne IV;1995
3081;BVerfGE9_213;Heilmittelwerbeverordnung;1959
3083;BVerfGE92_138;Selbstablehnung (Limbach);1995
3084;BVerfGE92_140;Sonderkündigung;1995
3085;BVerfGE92_158;Adoption II;1995
3086;BVerfGE92_191;Personalienfestellung Auskunftsverweigerung;1995
3087;BVerfGE92_203;EWG-Fernsehrichtlinie;1995
3088;BVerfGE9_223;Anklage beim Landgericht;1959
3090;BVerfGE92_26;Zweitregister Seeschiffahrt;1995
3092;BVerfGE92_277;Spionagetätigkeit der DDR;1995
3094;BVerfGE92_365;Kurzarbeitergeld bei Streik;1995
3095;BVerfGE9_237;Ehegattenbesteuerung;1959
3097;BVerfGE92_53;Weihnachtsgeld als Lohnersatzleistung;1995
3100;BVerfGE9_268;Bremer Personalvertretung;1959
3103;BVerfGE9_291;Feuerwehrabgabe;1959
3104;BVerfGE92_91;Feuerwehrabgabe;1995
3105;BVerfGE9_3;Eigenmietwert;1958
3107;BVerfGE9_305;Kriegsfolgelasten;1959
3108;BVerfGE93_1;Kruzifix-Beschluss;1995
3109;BVerfGE93_121;Vermögensteuer Einheitsbewertung;1995
3110;BVerfGE93_165;Erbschaftsteuer Einheitsbewertung;1995
3112;BVerfGE93_181;Rasterfahndung;1995
3115;BVerfGE93_213;DDR-Rechtsanwälte;1995
3116;BVerfGE93_248;Sudanesen;1995
3117;BVerfGE93_266;Soldaten sind Mörder;1995
3118;BVerfGE93_319;Wasserpfennig;1995
3119;BVerfGE9_334;Finanzvertrag;1959
3120;BVerfGE93_352;Mitgliederwerbung im Betrieb II;1995
3121;BVerfGE93_362;Postulationsfähigkeit;1995
3122;BVerfGE93_37;Einigungsstelle Schleswig-Holstein;1995
3123;BVerfGE93_373;Ehegatten im Gemeinderat, Vetternwirtschaft;1996
3124;BVerfGE9_338;Altersgrenze für Hebammen;1959
3126;BVerfGE93_386;Auslandszuschlag;1996
3128;BVerfGE93_85;Universitätsgesetz NRW;1995
3129;BVerfGE9_39;Arzneifertigware;1959
3131;BVerfGE94_1;DGHS;1996
3132;BVerfGE94_115;Sichere Herkunftsstaaten;1996
3133;BVerfGE94_12;Restitutionsausschluss Bodenreform II;1996
3134;BVerfGE94_166;Flughafenverfahren;1996
3135;BVerfGE94_241;Kindererziehungszeiten;1996
3136;BVerfGE94_268;Wissenschaftliches Personal;1996
3137;BVerfGE94_297;Treuhandanstalt;1996
3138;BVerfGE94_315;Jüdische Zwangsarbeiter;1996
3140;BVerfGE94_351;Abgeordnetenüberprüfung;1996
3141;BVerfGE94_372;Apothekenwerbung;1996
3142;BVerfGE94_49;Sichere Drittstaaten;1996
3143;BVerfGE95_1;Südumfahrung Stendal;1996
3144;BVerfGE95_143;Eingliederungsprinzip;1996
3145;BVerfGE95_163;DSF;1996
3146;BVerfGE95_173;Warnhinweise für Tabakerzeugnisse;1997
3147;BVerfGE95_189;Selbstablehnung (Steiner);1997
3148;BVerfGE95_193;DDR-Hochschullehrer;1997
3149;BVerfGE95_220;Aufzeichnungspflicht;1997
3151;BVerfGE95_250;Restitution des Länderbestandes;1997
3152;BVerfGE95_267;Altschulden;1997
3154;BVerfGE95_28;Werkszeitungen;1996
3155;BVerfGE95_322;Spruchgruppen;1997
3156;BVerfGE95_335;Überhangmandate II;1997
3158;BVerfGE95_408;Grundmandatsklausel;1997
3159;BVerfGE95_48;Restitution und Vertragsanfechtung;1996
3160;BVerfGE95_64;Mietpreisbindung;1996
3161;BVerfGE95_96;Mauerschützen;1996
3162;BVerfGE96_1;Weihnachtsfreibetrag;1997
3163;BVerfGE96_10;Räumliche Aufenthaltsbeschränkung;1997
3164;BVerfGE96_100;Rechtsschutz gegen Strafvollstreckungüberstellung;1997
3165;BVerfGE96_120;Bayerisches Schwangerenhilfeergänzungsgesetz, ambulanter Schwangerschaftsabbruch;1997
3166;BVerfGE96_133;Wahlleistungsausschluss von Beihilfefähigkeit;1997
3168;BVerfGE96_152;Kündigung von Lehrern;1997
3169;BVerfGE96_171;Eignungsüberprüfung, Stasi-Fragen;1997
3170;BVerfGE96_189;Außerordentliche Kündigung eines Stasi-Mitarbeiters;1997
3171;BVerfGE96_205;Kündigung von Hochschullehrern;1997
3172;BVerfGE96_217;Beweisgebührerstattung;1997
3173;BVerfGE96_223;Plutonium-Ausschuss;1997
3174;BVerfGE96_231;Müllkonzept, Volksbegehren (Bayern);1997
3175;BVerfGE96_245;Besonders schwerer Nachteil;1997
3176;BVerfGE96_251;Prozessgebühr;1997
3177;BVerfGE96_260;Hessisches Sonderurlaubsgesetz;1997
3178;BVerfGE96_264;Fraktions- und Gruppenstatus;1997
3179;BVerfGE96_27;Durchsuchungsanordnung;1997
3180;BVerfGE96_288;Sonderschulzuweisung;1997
3181;BVerfGE9_63;Mahlquote;1958
3182;BVerfGE96_315;Wohngeld bei Begleitstudium;1997
3183;BVerfGE96_330;BAföG-Volldarlehen;1997
3184;BVerfGE96_345;Landesverfassungsgerichte;1997
3185;BVerfGE96_375;Arzthaftung bei fehlgeschlagener Sterilisation;1997
3186;BVerfGE96_409;Plenarvorlage (Arzthaftung);1997
3187;BVerfGE96_44;Durchsuchungsanordnung;1997
3188;BVerfGE96_56;Vaterschaftsauskunft;1997
3189;BVerfGE96_66;Auslagenerstattung (Landesorganstreitverfahren);1997
3191;BVerfGE97_1;Erbschaftsbesteuerung;1997
3193;BVerfGE97_103;Kindererziehungszeiten;1997
3194;BVerfGE97_117;Fortgeltung von DDR-Strafrecht;1997
3195;BVerfGE97_12;Patentgebührenüberwachung;1997
3196;BVerfGE97_125;Caroline von Monaco I;1998
3197;BVerfGE97_157;Saarländisches Pressegesetz;1998
3198;BVerfGE97_169;Kleinbetriebsklausel I;1998
3199;BVerfGE97_186;Kleinbetriebsklausel II;1998
3200;BVerfGE97_198;Bundesgrenzschutz;1998
3201;BVerfGE97_228;Kurzberichterstattung im Fernsehen;1998
3202;BVerfGE97_271;Hinterbliebenenrente;1998
3203;BVerfGE97_298;Rundfunkfreiheit für private Rundfunkanbieter;1998
3204;BVerfGE9_73;Arzneifertigware;1959
3205;BVerfGE97_317;Überhangmandate;1998
3206;BVerfGE97_332;Gestaffelte Kindergartenbeiträge;1998
3207;BVerfGE97_35;Hamburger Ruhegeldgesetz;1997
3208;BVerfGE97_350;Europäische Währungsunion;1998
3209;BVerfGE97_378;Krankengeldanspruch;1998
3210;BVerfGE97_391;Missbrauchsvorwurf;1998
3211;BVerfGE97_408;§ 44b Abgeordnetengesetz;1998
3212;BVerfGE97_49;Beförderungsverbot;1997
3213;BVerfGE97_67;Schiffbauverträge;1997
3216;BVerfGE98_106;Kommunale Verpackungsteuer;1998
3217;BVerfGE98_134;Selbstablehnung (Papier);1998
3218;BVerfGE98_139;§ 44b Abgeordnetengesetz;1998
3219;BVerfGE98_145;Inkompatibilität (Vorstandstätigkeit);1998
3220;BVerfGE98_163;Erinnerung gegen Kostenfestsetzungsbeschluss;1998
3221;BVerfGE98_169;Gefangenenentlohnung, Arbeitspflicht im Strafvollzug;1998
3222;BVerfGE98_218;Rechtschreibreform;1998
3223;BVerfGE98_265;Bayerisches Schwangerenhilfeergänzungsgesetz, ambulanter Schwangerschaftsabbruch;1998
3224;BVerfGE9_83;Arzneifertigware;1959
3225;BVerfGE98_365;Versorgungsanwartschaften Betriebsrente;1998
3226;BVerfGE98_49;Sozietätsverbot;1998
3227;BVerfGE98_70;Steuervergünstigungen bei Erziehungsgeld;1998
3228;BVerfGE98_83;Landesabfallabgabengesetz, Öko-Abgabe;1998
3229;BVerfGE9_89;Haftbefehlsverfahren;1959
3230;BVerfGE99_1;Bayerische Kommunalwahlen;1998
3231;BVerfGE99_100;St. Salvator Kirche Metropolie von Deutschland;1998
3232;BVerfGE99_129;DDR-Erbbaurecht;1998
3233;BVerfGE99_145;Gegenläufige Kindesentführung;1998
3234;BVerfGE99_165;Zweitausbildung BAföG;1998
3235;BVerfGE99_185;Scientology;1998
3236;BVerfGE99_19;§ 44b Abgeordnetengesetz ;1998
3237;BVerfGE99_202;Erstattungspflicht des Arbeitgebers;1998
3238;BVerfGE99_216;Familienlastenausgleich;1998
3239;BVerfGE99_246;Kinderexistenzminimum I;1998
3240;BVerfGE99_268;Kinderexistenzminimum II;1998
3241;BVerfGE99_273;Kinderexistenzminimum III;1998
3242;BVerfGE99_280;Aufwandsentschädigung Ost;1998
3243;BVerfGE99_300;Beamtenkinder;1998
3244;BVerfGE99_332;MfS/AfNS-Verzögerungsschaden;1998
3245;BVerfGE99_338;Erinnerung gegen Kostenfestsetzungsbeschluss;1998
3246;BVerfGE99_341;Testierausschluss Taubstummer;1999
3247;BVerfGE99_361;Bundesgelderveruntreuung;1999
3248;BVerfGE99_46;Erinnerung im Kostenfestsetzungsverfahren;1998
3249;BVerfGE99_51;Besorgnis der Befangenheit (Jentsch);1998
3250;BVerfGE99_57;Liegenschaftsmodell Schleswig-Holstein;1998
3251;BVerfGE99_69;Kommunale Wählervereinigungen;1998
3252;BVerfGE99_84;Parteienfinanzierung VIII;1998
3253;BVerfGE99_88;Verlustabzug;1998
